 ;Data Science;История;Начало работы с WPF. Visual Studio
научный;0;9;0
наследовать;0;0;2
35=5@0f88;0;0;1
:>@>l;0;1;0
гражданин;0;8;0
icommandsource:;0;0;1
datepicker;0;0;1
вод;0;1;0
реальность;0;2;0
совет;0;3;0
подхватываетий;0;0;1
вебпрограммирование;0;0;1
4ce>2=ke;0;1;0
ввести;0;1;4
графический;0;0;10
район;0;2;0
иранский;0;1;0
житель;0;1;0
цивилизация;0;3;0
пункт;0;0;4
cg82h89;0;1;0
межпоколенный;0;2;0
stretch;0;0;2
фон;0;0;2
start;0;0;1
находиться;0;5;6
искать;1;0;0
>l7c;0;1;0
a>8;0;1;0
302=0o;0;1;0
жреческий;0;1;0
любой;0;1;3
территория;0;13;0
75<5l=>9;0;1;0
медленный;1;0;0
полагаться;0;0;1
формация;0;1;0
человек;0;17;0
кастовый;0;1;0
;0;0;2
середина;0;3;0
иной;0;2;0
интересно;1;0;0
исключение;0;2;0
cg0ab:><;0;1;0
appconfig;0;0;1
несмотря;1;0;1
704020;0;1;0
общность;0;5;0
g5>25:><»;0;1;0
:@5ablo=;0;1;0
save;0;0;1
компонента;0;0;2
журналироваться;0;0;1
border;0;0;1
gridsplitter;0;0;3
нач;0;2;0
долг;0;1;0
презрительный;0;1;0
@02;0;1;0
b;0;1;0
продолжать;0;0;1
c3=5b5=8o;0;1;0
“тьмы”;0;1;0
эллинистический;0;1;0
=58<ci8e;0;1;0
тяжеловооружённый;0;1;0
прерогатива;0;0;1
:05=40@5<;0;0;1
природа;0;2;0
closewindow;0;0;1
загрузка;0;0;3
называться;0;2;7
b0:65;0;1;0
таблица;0;0;7
возглавляться;0;1;0
month;0;0;1
барщина;0;1;0
называть;1;2;1
уже;3;1;6
наводящий;1;0;0
исход;1;0;0
=0:070=85;0;1;0
3>@>60=;0;2;0
8=25=b0@l;0;2;0
смочь;1;0;0
перечисление;0;0;2
понятие;2;0;0
4805:b8:0;0;1;0
полисный;0;2;0
e@>=8:8;0;1;0
служить;0;1;2
иметься;0;0;2
uniformgrid;0;0;1
netплатформа;0;0;1
=0a54ab25==k5;0;1;0
=57028a8<>abl;0;1;0
порядком;0;1;0
42>@o=ab2>;0;1;0
взимание;0;2;0
вёть;0;1;0
прародитель;0;1;0
копьё;0;1;0
:0aa0;0;0;2
menuitem;0;0;3
references;0;0;1
:>=f5;0;1;0
дума;0;2;0
наклон;0;0;1
cancelprint;0;0;1
2;0;2;0
@074@>15==>ab8;0;1;0
ординарный;0;1;0
f5e0;0;1;0
принять;1;2;0
видно;0;0;2
@>4>28b>abl;0;1;0
клиент;0;6;0
разметка;0;0;9
золотой;0;5;2
minheight/maxheight;0;0;1
:0=020<8;0;1;0
=5a5=8o;0;2;0
год;0;9;2
батый;0;1;0
ростовщик;0;1;0
пантеон;0;1;0
разница;0;0;1
воображение;0;1;0
3>40;0;0;2
иметь;0;14;29
завоевать;0;3;0
mainwindowxamlcs;0;0;2
прикреплять;0;0;6
провышенный;0;0;1
основать;0;3;4
бы;6;0;9
8=8ab5@8бk;0;1;0
регистрироваться;0;0;1
направо;2;0;0
рассмотрение;0;1;0
правильно;2;0;0
ms;0;0;7
схема;2;0;3
наместник;0;3;0
=5;0;4;1
senior;0;1;0
содержимый;0;0;11
уголовный;0;1;0
деспотия;0;2;0
единовременный;0;1;0
2;0;34;12
мыши/стилус;0;0;1
ix;0;2;0
выводить;0;1;2
шнуровой;0;2;0
end;0;0;1
быстрый;0;0;3
этногенез;0;1;0
сформировать;0;1;0
племенной;0;5;0
titleproperty;0;0;1
8<ci5ab25==>3>;0;1;0
journal:;0;0;1
мир;0;4;0
соглашение;0;0;1
40х;0;1;0
70b5<;0;0;1
movedown;0;0;1
платить;0;2;0
ab@0=0e;0;3;0
вводить;0;1;3
потребление;0;0;1
layout;0;0;1
c=0a54>20==k<;0;0;1
>4=>9;0;1;0
предобработка;1;0;0
действие;2;1;8
организовать;2;0;1
местность;0;2;0
fontsize;0;0;2
га;0;1;0
7=0bl;0;1;0
2>bg8=k;0;1;0
хозяйственнокультурный;0;2;0
упрощать;0;0;1
российский;0;1;0
фреймворок;0;0;1
language:;0;0;1
эстетический;0;1;0
пиктографический;0;1;0
scrollviewer;0;0;1
getvalue;0;0;1
@c:8;0;1;0
"""логический";0;0;1
@02;0;1;0
tabitem;0;0;1
вероятность;2;0;0
прочитать;0;0;1
производить;0;2;1
поступить;1;0;0
организация;0;7;0
@02>a02=>9;0;1;0
87>4;0;1;0
6;0;1;0
a8;0;0;1
решить;3;0;0
0;0;2;0
гоминид;0;1;0
индивидуальный;1;1;0
царь;0;6;0
биологический;0;1;0
уходить;0;1;2
множество;0;0;5
selectionmode;0;0;2
чередоваться;1;0;0
>;1;0;1
этикополитический;0;1;0
mediacommands:;0;0;1
задействовать;0;0;2
имущество;0;1;0
впервые;0;1;0
судебник;0;2;0
предсказывать;2;0;0
вытеснить;0;1;0
минута;1;0;0
>@30=870f8>==ke;0;1;0
ждать;1;0;0
владение;0;3;0
visual;0;0;2
существующий;0;1;3
человечий;0;1;0
близкий;0;1;0
><>il;0;1;0
a<ka5;0;2;0
:0:;0;1;2
комплекс;0;5;0
устанавливаться;0;0;6
архитектурный;0;1;0
baml;0;0;2
подкласс;0;0;1
стрелка;0;0;1
формат;1;0;1
формула;1;0;0
занимать;0;2;2
удобный;1;0;2
мужчина;0;1;0
ценность;0;1;0
@8=5a5=8o;0;1;0
682h8e;0;1;0
хождение;0;1;0
существовать;0;4;2
обычно;4;2;1
isexpanded;0;0;1
луга;0;1;0
1*;0;0;1
:@0a82>;0;1;0
22;0;3;0
политеизм;0;1;0
одоевский;0;1;0
только;3;2;15
роскошь;0;1;0
кочевой;0;2;0
кровный;0;1;0
избавлять;0;0;1
аналогия;0;1;0
8f;0;1;0
формирование;0;4;0
liberalis;0;1;0
mysql;0;0;1
простейшее;0;0;2
отрицательный;0;0;1
перикл;0;1;0
appxaml;0;0;2
младший;0;1;0
учение;0;2;0
автохтон;0;1;0
alligncenter;0;0;1
экзоэтноним;0;2;0
ab0@h89;0;1;0
захотеть;1;0;1
верховный;0;2;0
gain;1;0;0
>8b8g5a:85;0;1;0
ac4l59;0;1;0
дополнительный;0;0;3
модификатор;0;0;1
3>a>4ab2cni59;0;1;0
управленческий;0;1;0
a>a>1;0;0;1
a2>n;0;1;0
часто;0;0;1
параметр;6;0;9
взимать;0;1;0
application;0;0;3
подключиться;0;0;1
маска;0;0;3
cg@5645=85;0;1;0
a>25b5;0;1;0
начать;0;1;0
отрисовка;0;0;5
b>340;0;0;1
построение;0;0;2
routeduicommand;0;0;1
потребность;0;2;0
для;19;16;81
навигация;1;0;2
степень;0;2;0
удел;0;3;0
буффера;0;0;1
=0g00;0;1;0
номадизм;0;1;0
d>@<>9;0;1;0
яю38>3@бd8o;0;1;0
контейнер;0;0;24
%ix;0;1;0
вверх;0;0;2
3>@>4a:>3>;0;1;0
масштабирование;0;0;2
new;0;0;2
принятие;0;1;0
китай;0;2;0
dl5d;0;1;0
сарайбат;0;1;0
>ab0=>25=8o;0;1;0
населять;0;1;0
передача;0;1;0
оба;0;0;1
меч;0;1;0
гденибыть;0;0;1
025@h0ni59;0;1;0
cm;0;0;1
строк:;0;0;1
xamlфайл;0;0;1
4@c38<;0;1;0
4>e>40;0;1;0
>@5458bl;0;0;2
8<ci5ab20;0;1;0
ребро;2;0;0
@0a@>ab@0=5==0o;0;1;0
холоп;0;6;0
обмениваться;0;1;0
производственный;0;1;0
полководец;0;1;0
должный;0;0;7
коэффициент;0;0;5
коллективный;0;2;0
isnotdatabindable:;0;0;1
адменьшиков;0;1;0
получаться;1;0;0
<5aof52:;0;0;1
наряду;0;2;0
@028b55<;0;1;0
влияние;0;1;0
модуль;1;0;0
осуществление;1;0;0
language;0;0;3
крым;0;1;0
извлечь;1;0;0
a5=l>@>2;0;2;0
2>5==>9;0;1;0
отличие;2;0;4
повторить;0;0;1
да;0;0;1
целое;0;1;1
появиться;0;1;2
a0<>c@025=8o;0;1;0
ac61c;0;2;0
жизненный;0;3;0
внук;0;1;0
;0;111;68
колония;0;1;0
перемещаться;1;0;0
ac4;0;1;0
потребоваться;0;0;2
требование;0;1;0
россия;0;5;0
125;0;0;2
70:>=><;0;1;0
markup;0;0;2
null;0;0;1
македонский;0;1;0
обозначение;0;5;0
3>@>4a:>5;0;1;0
предыдущий;0;0;3
непосредственный;0;0;1
iscancel;0;0;1
интеграция;0;1;3
дюйм;0;0;6
империя;0;3;0
картина;0;2;0
>a=>2k;0;1;0
g5>25:;0;1;0
добавить;2;0;8
расти;0;0;1
40;4;0;0
контейнеры:;0;0;1
xml:;0;0;1
плато;0;1;0
:>@>52ab20e;0;1;0
междуречье;0;1;0
horizontalscrollbarvisibility;0;0;1
аутентификация;0;0;1
>b;0;5;0
роительск;0;0;1
abc45=b;0;1;0
gdi+;0;0;1
возрастной;0;1;0
вручную;0;0;1
getсвойство:;0;0;1
сдвиг;0;0;1
@0ae>4oi8eao;0;1;0
успешный;1;0;0
небольшой;0;1;1
элемент;0;0;136
очаг;0;1;0
стиль;0;0;2
c3>489;0;1;0
undo;0;0;1
первичный;0;1;1
systemdatasqlclient;0;0;1
конфуцианство;0;2;0
вебсайт;0;0;1
vassaius;0;1;0
поговорить;1;0;2
завершаться;0;0;1
фамилия;0;3;0
>a=>2=ke;0;1;0
2045lf0<;0;1;0
stop;0;0;1
юрьев;0;1;0
исторический;0;4;0
предположение;0;1;0
рисосеяние;0;1;0
время;1;12;2
запускать;0;0;1
manage;0;0;1
отличаться;0;2;2
b;0;0;1
использовать;7;0;25
перевести;0;0;2
>b>1@060blao;0;0;1
«даров»;0;1;0
власть;0;16;0
b5@@8b>@88;0;3;0
слагать;0;1;0
вызов;0;0;3
роды;0;3;0
:>@@5:b8@c5bao;0;0;1
dataset;0;0;1
ассоциация;0;1;0
выполнить;0;0;1
и;40;119;183
скорее;1;0;0
3@5g;0;1;0
0<;0;0;1
побор;0;1;0
визуальный;0;0;3
помощь;2;2;36
a5=l>@c;0;1;0
decade;0;0;1
плебей;0;4;0
клавиша;0;0;2
a>1ab25==8:;0;1;0
культура;0;11;0
наоборот:;1;0;0
шаг;5;0;0
колонат;0;1;0
click;0;0;3
выплачиваться;0;1;0
течение;0;2;0
измерение;0;0;3
10@a:0o;0;1;0
20aa0;0;1;0
политогенез;0;3;0
nextpage;0;0;1
информация;5;0;4
прямоугольничок;1;0;0
страница;1;0;5
verticalscrollbarvisibility;0;0;1
щит;0;1;0
компактность;0;0;1
римский;0;14;0
управлять;0;2;4
systemwindowsdependencyproperty;0;0;1
datatable;0;0;1
singlerange;0;0;1
0@b8ab8g5a:><;0;1;0
возникать;0;0;1
хозяйственный;0;1;0
minimizewindow;0;0;1
грид;0;0;3
go;0;0;1
a>a>289;0;1;0
игра;0;0;1
семейный;0;1;0
=04>;0;0;1
являются:;0;2;0
windows;0;0;9
полноправный;0;3;0
база;0;0;14
>38:8;0;1;0
groupbox;0;0;3
допустимость;0;0;1
даже;0;0;4
соответствующий;2;0;1
бинарный;0;0;1
f5@:>2ln;0;1;0
874589;0;1;0
5@8>4;0;3;0
ближний;0;1;0
напряжение;0;1;0
позиционировать;0;0;2
0:;0;1;0
c=825@a8b5b0e;0;1;0
равно;1;1;3
a@54=525:>2ke;0;1;0
–;0;144;0
45aob0o;0;1;0
неравенство;0;1;0
осуществлять;0;0;1
=0g05;0;1;0
dependencypropertyregister;0;0;1
дворцовый;0;1;0
ab0@h8e;0;1;0
преимущества:;0;0;1
потребляться;0;1;0
richtextbox;0;0;2
вольноотпущенник;0;3;0
учреждение;0;1;0
двусторонний;0;0;2
2045lf5<;0;1;0
управление;0;3;40
человеческий;0;3;0
<5@b2k9;0;1;0
греция;0;2;0
задача;6;0;4
необходимость;1;2;1
философ;0;1;0
русь;0;11;0
крестьянин;0;3;0
жест;0;0;2
подвластный;0;1;0
обратить;3;0;1
наименование;0;1;0
8<55b;0;0;2
один;16;13;26
право;0;11;0
цвета;1;0;0
определять;0;0;11
кодаappxamlcs;0;0;1
2014;0;0;2
><5abl5;0;1;0
государство;0;15;0
нерушимый;0;1;0
уклад;0;2;0
как;9;11;43
топология;1;0;0
земеля;0;2;0
0;0;0;5
monogame;0;0;1
носитель;0;1;0
an75@5=><;0;1;0
проходить;3;0;4
a>1@0=8o;0;1;0
преистория;0;1;0
attached;0;0;1
древнерусский;0;4;0
взаимодействовать;0;0;6
"textwrapping=""wrap""";0;0;2
колон;0;2;0
количество;0;0;3
тема;0;0;4
xvxvii;0;1;0
левый;0;0;4
устойчивый;0;5;0
строковый;0;0;2
финальный;2;0;1
цикл;0;1;0
«m@»;0;1;0
@0==5d5>40l=ke;0;1;0
хватать;0;0;1
развиваться;0;3;2
рим;0;8;0
взглянуть;0;0;1
поздний;1;4;1
длинный;1;0;0
толщина;0;0;1
противостоящий;0;1;0
lineheight;0;0;2
><<c=бl=>5;0;1;0
немец;0;1;0
мышь;0;0;3
знатный;0;2;0
социум;0;1;0
старейшина;0;1;0
запрещать;0;1;0
греческий;0;2;0
соответствовать;0;1;5
:0aa0<8:;0;0;1
связь;14;7;0
кнопка;2;0;19
противоположный;0;1;0
образовать;0;0;1
вождество;0;2;0
задавать;1;0;7
verdana;0;0;1
расстягивать;0;0;1
routedcommand;0;0;3
подробно;0;0;3
r;1;0;0
видеоплеер;1;0;0
8=25=b0@5<;0;1;0
попадать;0;1;1
шире;0;0;1
республиканский;0;2;0
0b5<;0;1;0
благодаря;0;0;3
операционный;0;0;2
экономический;0;2;0
a2>9ab2;0;0;1
процедура;0;0;10
@02>2ke;0;1;0
сообща;0;1;0
великое;0;5;0
гз;0;1;0
$5>4;0;2;0
этот;6;2;40
совместный;0;2;0
выражаться;0;1;0
c#;0;0;1
к;13;12;26
2;0;1;0
единицах:;0;0;1
35=5@0f8o;0;0;1
progressbar;0;0;1
:05=40@l;0;0;1
преставление;0;0;1
плата;0;1;0
равный;2;1;8
много;0;0;1
сподвижник;0;1;0
идти;2;1;2
header;0;0;1
тело;0;1;1
консул;0;2;0
разбиваться;0;0;1
=55;0;1;0
предполагаться;0;0;1
раздробленность;0;1;0
true;0;0;18
выполнение;0;0;3
строго;0;1;0
>7=0g0ni89;0;1;0
обработать;0;1;1
708al;0;1;0
:@c30;0;1;0
@52@0i08al;0;1;0
year;0;0;1
вдруг;0;0;3
самый;1;1;8
метек;0;1;0
х;0;2;0
подобно;0;0;2
exe;0;0;1
семь;0;0;1
20aa0l=>9;0;1;0
=5<5f:>3>;0;1;0
:>b>@k5;0;1;4
товарный;0;1;0
@5<5a5==ke;0;1;0
682>9;0;1;0
уникальный;0;0;1
основа;0;5;4
исполняемый;0;0;1
паттерн;0;0;1
сказать;0;0;1
по;14;14;39
"""п""";0;0;2
оно;1;0;9
идеал;0;1;0
режим;0;1;3
@0==55;0;1;0
карл;0;1;0
развернуть;0;0;1
покровитель;0;1;0
03451c@30;0;1;0
процессироваться;2;0;0
то;7;2;60
самосознание;0;3;0
туда;2;0;0
присваивать;0;1;0
родство;0;2;0
типичный;0;2;0
выявить;1;0;0
объяснять;0;1;0
feudum;0;1;0
dbapp;0;0;1
про;1;0;2
экран;0;0;3
продукт;0;2;0
элементах:;0;0;1
объезд;0;1;0
чем;3;1;2
помещать;0;0;1
пойти;4;0;0
подкрепить;1;0;0
>a5;0;2;2
d>@<0b;0;0;1
>b>1@065=8o;0;0;1
=060b8o;0;0;1
«влево»;1;0;0
декоратор;0;0;1
взгляд;0;3;0
исправление;0;0;1
заметить;1;1;0
ctrl+c;0;0;1
этнический;0;3;0
утверждаться;0;1;0
легионер;0;1;0
data;2;0;1
конвертер;0;0;4
столицы:;0;1;0
диктатор;0;2;0
возраст;1;0;0
кстати;1;0;0
security=true:;0;0;1
решать;0;1;0
общеязыковой;0;0;1
b>1k;0;0;1
объявляться;0;0;1
долгоруков;0;1;0
политический;0;10;0
a:>b;0;1;0
вассал;0;1;0
@o4;0;0;2
кочевничество;0;1;0
неправильно;0;0;1
8б=k;0;1;0
среднее;0;0;1
presentationframeworkdll:;0;0;1
зло;0;1;0
включаться;0;1;0
жать;1;0;0
латифундия;0;2;0
server;0;0;9
состоять;1;2;8
width;0;0;5
enter;0;0;1
диадох;0;1;0
delay;0;0;1
pater;0;1;0
запретить;1;0;0
0e>b=k5;0;1;0
род;0;4;2
>cg82;0;1;0
ниже;0;0;2
headeredcontentcontrol;0;0;1
87cg08al;0;1;0
делиться;0;0;2
20455f;0;2;0
>4=c;0;0;1
8<;0;1;0
норма;0;2;0
войти;0;0;1
кусок;0;0;1
священный;0;1;0
familias;0;1;0
определить;0;0;8
44<<3333;0;0;1
цена;0;0;2
редкий;1;0;0
10;1;1;1
контекстный;0;0;2
алгоритм;2;0;0
данных:;0;0;1
express;0;0;2
афины;0;1;0
dataview;0;0;2
ac1j5:b>2;0;1;0
078g08al;0;1;0
янв.96;0;0;3
ixxvii;0;1;0
она;1;4;5
результат;9;4;1
ежегодный;0;1;0
осенний;0;1;0
2@>5;0;1;0
отъезд;0;1;0
42>@o=ab20:;0;1;0
@54=525:>2l5;0;1;0
>e20bk20;0;1;0
b<5g05b;0;0;1
персидский;0;1;0
ос;0;0;2
более;6;2;11
2k455=0;0;0;1
>;0;0;2
мифология;0;1;0
архаический;0;1;0
восстановить;0;0;1
у;1;2;14
«уроки»;0;1;0
tab;0;0;1
наследственный;0;2;0
720=85;0;2;0
<=005;1;0;0
fehuod;0;1;0
хорезм;0;1;0
вред;0;1;0
где;4;1;4
ставить;1;1;0
растянуть;0;0;1
twitter;1;0;0
произвоить;0;0;1
отвечать;0;0;3
420;0;0;1
модифицировать;0;0;1
создавать;0;0;9
отрасль;0;1;0
или;6;21;34
денежный;0;2;0
примере:;0;0;1
>d8f80l=>9;0;1;0
генерация;0;0;2
>b;0;10;1
сравнение;0;0;1
ministerium;0;1;0
момент;2;2;2
заголовок:;0;0;1
поливной;0;1;0
пролетарий;0;1;0
ячейка;0;0;5
магистрат;0;2;0
неделя;1;1;0
moveup;0;0;1
мнемонический;0;0;1
title;0;0;3
патрицианский;0;1;0
какой;0;1;3
d5>40l=>7028a8<>3>;0;1;0
foundation;0;0;1
текстовый;1;0;10
a2>488al;0;1;0
строй;0;1;0
отношение;0;3;1
=0720=85;0;0;1
многообразие;0;1;0
<textblock;0;0;1
духовенство;0;1;0
validatevaluecallback;0;0;2
px;0;0;1
вместе;1;1;5
4>6=>abl;0;1;0
<c7k:0;0;1;0
none:;0;0;1
сверхъестественный;0;3;0
загрузить;0;0;1
доступ;0;0;5
unmanaged;0;0;2
другой;3;10;23
46;0;0;2
arial;0;0;1
изгонять;0;1;0
right;0;0;1
direct3d;0;0;2
затрата;1;0;0
><5ab=k5;0;1;0
<>8<;0;1;0
учитывать;0;0;3
management;0;0;1
57я;0;1;0
affectsparentarrange:;0;0;1
город;0;4;0
объектудиспетчер;0;0;1
активационный;4;0;0
божество;0;1;0
магия;0;1;0
уменьшить;0;0;2
целочисленный;0;0;1
обработчик;0;0;6
c#:;0;0;1
поскольку;0;0;2
б@89;0;1;0
внеиталийский;0;1;0
вес;2;0;0
40b;0;0;3
scrollbar;0;0;1
одинаковый;1;2;0
вершина;2;0;0
25;0;1;0
постепенно;0;2;0
a0<>9;0;0;1
"spellcheckisenabled=""true""";0;0;1
старший;0;3;0
необязательный;0;0;3
italicoblique;0;0;1
культ;0;1;0
1912;0;1;0
пора;0;1;1
столько;0;1;0
лежать;0;0;1
сатрапия;0;1;0
using;0;0;1
цветок;0;0;1
слой;10;0;0
остановиться;0;0;1
@8=>a88;0;1;0
адаптер;0;0;1
графика;0;0;9
контролировать;0;1;0
pclass;1;0;0
expanderэлемент;0;0;1
maxlength;0;0;1
провинция;0;2;0
a5=l>@80l=k9;0;1;0
>4=0:>;0;0;1
причём;0;0;3
взаимный;0;1;0
приусадебный;0;1;0
новый;1;1;8
<add>;0;0;1
переводить;0;0;1
ямный;0;2;0
4><5=;0;1;0
property;0;0;2
натуральный;0;5;0
взрослый;0;1;0
сложно;0;0;1
сарайберка;0;1;0
>1@010bk20bl;0;0;1
40@>2>9;0;1;0
указывать;0;0;10
maximizewindowразвернуть;0;0;1
поразному:;0;0;1
дом;0;2;0
разнообразный;2;0;0
устройство;2;3;4
postgres;0;0;1
поселенец;0;1;0
3>a>48=;0;1;0
содержимое:;0;0;1
провайдер;0;0;1
соцсеть;1;0;0
>1@01>bg8:;0;0;2
тогда;0;0;4
орда;0;5;0
весь;4;13;37
вобщий;0;0;1
affinity;0;0;1
урок;8;0;0
подход;1;0;1
g5=0<8;0;1;0
чиновник;0;1;0
xi;0;1;0
m5<5=b0;0;0;1
характеристика;0;1;0
@02;0;1;0
сибирский;0;1;0
winforms;0;0;5
1497;0;1;0
родительский;0;0;1
поволжье;0;1;0
использование;1;1;10
@54ab025=k;0;0;2
совмещать;0;0;1
ольга;0;1;0
хозяйственноюридический;0;1;0
0@8d<5b8:0;0;1;0
участие;0;2;0
3;3;2;2
net;0;0;9
affectsparentmeasure:;0;0;1
ответственность;0;1;0
маленький;2;1;2
битва;0;1;0
долгий;1;0;0
числовой;2;0;1
схожий;0;0;1
75<8;0;3;0
изменить;0;0;4
theutonicum;0;1;0
"""ъbc";0;1;0
ii;0;3;0
пять;0;0;1
zeche;0;1;0
public;0;0;2
a>1kb8o;0;0;3
правление;0;3;0
иерархия;0;1;2
собрание;0;2;0
чоб;0;0;1
ведать;0;2;0
displaymemberbinding;0;0;1
:0aa>2;0;0;1
fief;0;1;0
ink:;0;0;1
подкорректировать;0;0;1
слишком;1;0;0
первоначально;0;3;0
язычество;0;2;0
группа;0;12;7
онлайнкурс;1;0;0
владелец;0;3;0
попробовать;1;0;3
enter;0;0;1
просто;0;0;6
объединить;0;6;0
географический;0;2;0
d0:clb5b5;0;1;0
вдобавок;1;0;0
политика;0;2;0
75<n;0;1;0
включиться;0;1;0
0b;0;6;0
0=3;0;2;0
роскошный;0;1;0
textproperty;0;0;1
вырезать;0;0;1
calendar;0;0;1
далее;2;0;4
@54=525:>2lo;0;2;0
@>2>482h89ao;0;1;0
встраиваться;0;0;1
>1>7=0g0;0;1;0
multiplerange;0;0;1
@8acbab2>20bl;0;1;0
1;0;2;0
=0>38g=>;0;0;1
2kah8e;0;1;0
временной;1;1;0
@54:>;0;0;1
open;0;0;1
dependencyobject;0;0;1
самоуправление;0;4;0
fontweight;0;0;2
поместить;0;0;2
влево;0;0;1
выглядеть;3;0;2
основное;0;3;0
конструкторе:;0;0;1
сводиться;0;0;1
87>65=85<;0;1;0
древовидный;0;0;2
tap;0;0;1
масштабироваться;0;0;2
columndefinition;0;0;1
d5>40;0;1;0
квирит;0;1;0
30;0;0;2
background;0;0;1
ключ;0;0;1
a0<>c@025=85;0;1;0
ivv;0;1;0
1k;0;7;0
ivvii;0;1;0
уменьшение;0;0;1
isdropdownopen;0;0;1
grid;0;0;6
означать;0;1;0
худой;0;0;1
пленение;0;1;0
несущий;0;1;0
gride;0;0;1
>l7>20=85;0;1;0
удобно;0;0;1
catalog=mobiledb:;0;0;1
равноценный;1;0;0
wpf;0;0;42
setvalue;0;0;1
увеличить;0;0;1
практический;1;1;0
%ii;0;1;0
закодировать;0;0;2
:@5ablo=8=0;0;1;0
плебейский;0;1;0
корректно;1;0;0
автоматически;0;0;4
посредством;0;1;0
page;0;0;1
машинный;2;0;0
бывать;0;0;1
корректироваться;0;0;1
тестовый;2;0;0
концепция;0;1;1
ирригационный;0;1;0
2ий;2;0;0
оброк;0;2;0
упорядочить;0;1;0
локальный;0;1;0
разделить;0;0;1
описывать;0;1;1
&5=b@0l=>9;0;1;0
ясперс;0;1;0
тумена;0;1;0
strokeerased;0;0;1
97%;1;0;0
вассальносеньориальный;0;1;0
двухмерный;0;0;1
приложение;0;0;41
4у3<0b>2;0;1;0
/;1;0;1
command;0;0;2
патриция;0;4;0
знаете;1;0;0
фёдор;0;1;0
wysiwig;0;0;1
"acceptsreturn=""true""";0;0;1
selecttoend;0;0;1
наследник;0;0;1
рад;1;0;0
name;0;0;2
рассказать;1;0;0
складываться;2;0;1
a2oi5==>ac68b559;0;1;0
родить;0;1;0
значительный;0;0;1
пользование;0;1;0
systemwindows;0;0;1
прописать;0;0;1
полностью;1;1;0
форма;0;16;2
грек;0;1;0
спарта;0;1;0
память;0;0;1
земля;0;9;0
заключать;0;1;0
coercevaluecallback;0;0;1
непомещающийся;0;0;1
682ci8e;0;1;0
неимущий;0;1;0
2>@>a;0;1;0
2045=85;0;1;0
showspreview;0;0;1
крестьянский;0;1;0
datepicker;0;0;1
язык;0;5;13
волноваться;1;0;0
coercevaluecallback:;0;0;2
>4g8=5=88;0;1;0
наследство;0;2;0
>1@07>20=85;0;1;0
тяглый;0;1;0
почётный;0;1;0
>ab@>9:8;0;2;0
систематизация;0;1;0
:@5ablo=;0;2;0
духовный;0;2;0
обновить;0;0;3
допустимый;0;0;4
ответ;1;0;0
n48;0;1;0
мощный;0;0;1
/96;0;0;1
включать;0;5;4
windowscodecsdll:;0;0;1
нажимать;0;0;1
поэзия;0;1;0
вождь;0;4;0
княгиня;0;1;0
sqlcommandbuilder;0;0;1
сбор;0;3;0
48007>=>2;0;0;1
20aa08b5b0;0;1;0
сработать;0;0;1
b4;0;1;0
dbphonesremovephone;0;0;1
протяжение;0;1;0
надобность;0;1;0
создаваться;0;0;3
причинить;0;1;0
философский;0;2;0
отсутствие;0;0;1
источник;0;3;4
доказательство;0;1;0
=5@025=ab20;0;1;0
отменить;0;0;2
добиться;0;0;1
следующий;2;0;13
=5@5@k2=0o;0;0;1
неопределённый;0;1;0
7=0g5=8o;0;0;2
школа;0;1;0
марксистский;0;1;0
общий;1;9;5
запись;0;0;6
e>7o9ab2>;0;1;0
скорость;1;0;0
править;0;1;0
"бытия""";0;1;0
темник;0;1;0
смысл;0;1;1
слоговопонятийный;0;1;0
canvasleft;0;0;3
технология;0;0;4
деспот;0;1;0
b@c4;0;2;0
%@8ab>a;0;1;0
вынудить;0;1;0
хорошо;1;0;1
25:0;0;2;0
2@>5;0;2;0
up;0;0;1
@54=525:>2k9;0;1;0
><5i8gl5<;0;1;0
единица;2;4;12
framework;0;0;3
понимание;0;1;0
8<5@88;0;1;0
gridcolumn;0;0;1
htmlэлемент;0;0;1
исходный;1;0;0
обучение»;1;0;0
смотреть;2;0;0
государственный;0;11;0
итак;0;0;2
фоновый;0;0;1
общество;0;13;0
>1@07><;0;1;0
«a5<l;0;1;0
опыт;0;1;0
сложиться;0;3;0
wcf;0;0;1
004=>9;0;6;0
класс;4;3;46
независимый;0;0;4
a5=l>@0;0;2;0
самоназвание;0;6;0
яю;0;0;1
@8=8<0bl;0;0;2
rowdefinitions;0;0;1
inkcanvaseditingmode;0;0;1
компонент;0;0;6
весёлый;1;0;0
предмет;0;3;0
характер;0;2;0
значит;0;1;1
понимать;2;0;0
5@5b8:>2;0;1;0
властитель;0;1;0
affectsrender:;0;0;1
eda;1;0;0
f5ln;0;1;0
3>@>4>2;0;1;0
передавать;0;0;1
оленевод;0;2;0
лихва;0;0;1
даваться;1;1;0
uielementonrender;0;0;1
a5й=a:85;0;1;0
wpf;0;0;1
string;0;0;1
аналитический;1;0;0
модель;5;2;7
списковый;0;0;1
>b8g0ni0oao;0;1;0
2;0;2;0
туземец;0;1;0
:0b>8g5a:>9;0;2;0
>>65=85;0;1;0
выражение;0;0;4
акт;0;1;0
закрытый;0;0;1
выбор;2;0;0
@8б=ab2>;0;1;0
m5<5=b0e;0;0;1
проводник;0;0;1
long;0;0;1
производиться;0;2;1
a5=l>@k;0;1;0
slider;0;0;1
b5:ci0o;0;0;1
обойтись;0;0;1
событием:;0;0;1
заголовок;0;0;2
изложение;1;0;0
>4=>3>;0;1;0
вотчинный;0;1;0
соединить;2;0;0
пример;2;0;6
гоплит;0;1;0
playвоспроизвести;0;0;1
>1i5@02>2>9;0;1;0
a2>8;0;1;0
входить;0;3;2
изменять;0;0;5
1>3c>bfc;0;1;0
combobox;0;0;1
обращать;0;0;1
определяться;0;0;3
xml;0;0;5
45@60=8o;0;1;0
b4;0;1;0
@54ab028b559;0;1;0
преподаватель;1;0;0
мифический;0;1;0
verticalalignment;0;0;1
ml;1;0;0
"width=""5cm""";0;0;1
митрополит;0;1;0
tabpanel;0;0;1
подменяться;0;1;0
отображать;0;0;6
стараться;1;0;0
исчисляться;0;1;0
порусски;0;1;0
путём;0;1;3
феодальный;0;6;0
>4=>;0;1;2
пользовательский;0;0;4
низкоуровневый;0;0;3
3>4>2k5;0;1;0
напоминать;0;0;1
становление;0;3;0
июль;0;0;1
условие;1;4;0
стирание;0;0;2
друг;1;0;3
масштабировать;0;0;1
прогноз;1;0;0
deutsch;0;1;0
вконтакте;1;0;0
:>b>@ke;0;0;2
монгольский;0;3;0
методология;0;1;0
конкретный;1;1;5
:>@>o;0;1;0
верность;0;1;0
=060b8o;0;0;2
материал;5;0;0
5a8;0;0;1
дифференциация;0;1;0
runtime;0;0;1
m@;0;1;0
@8b>@8:0;0;1;0
кровно;0;1;0
предписание;0;2;0
5@5a8;0;1;0
но;5;5;11
формально;0;2;0
условно;0;0;1
alt;0;0;2
либо;0;0;4
villa;0;1;0
@>4>608al;0;1;0
чей;0;0;1
20aa0>2;0;1;0
300;0;1;0
ремесло;0;2;0
становиться;0;1;0
maximizeribboncommand;0;0;1
expander;0;0;1
@58388;0;1;0
народ;0;9;0
hagios;0;1;0
единоличный;0;1;0
windowsbasedll:;0;0;1
103>45o=85;0;1;0
:0:;0;1;0
байер;0;1;0
совещательный;0;1;0
три;0;0;7
<>3;0;1;0
&йe8;0;1;0
>a=>2>9;0;0;1
applicationcommands;0;0;1
minwidth/maxwidth;0;0;1
15=5d8f89;0;1;0
свод;0;1;0
сакрализация;0;1;0
следить;0;1;0
свойство;0;1;129
2045=85;0;1;0
оторвать;2;0;0
"""неопровержимый";0;1;0
a8ab5<k;0;1;0
2>ab>g=ke;0;1;0
передать;0;1;0
ввод;0;0;6
горизонтальный;0;0;4
общинный;0;1;0
бедствие;0;1;0
отпустить;0;2;0
собственно;0;0;4
наследование;0;0;2
выкладывать;1;0;0
поведение;0;2;0
<>=>>88;0;1;0
vassus;0;1;0
@>4ab25==ke;0;1;0
checkbox;0;0;1
никак;0;0;1
дисциплина;0;2;0
septem;0;1;0
применять;0;1;2
@5838>7=ke;0;1;0
<04h5<;0;1;0
богатый;0;3;3
жертва;0;1;0
isdefault;0;0;2
2045=89;0;1;0
pt;0;0;1
преимущество;1;0;2
ускорять;1;0;0
свойства:;0;0;1
творческий;0;1;0
c@>60o;0;1;0
moverightпереместить;0;0;1
гармоничный;0;1;0
поколение;0;1;0
хозяйство;0;16;0
умереть;0;1;0
черта;0;1;1
2k1>@0;0;0;1
icommand;0;0;2
d5>40;0;2;0
облагаться;0;2;0
экзогамия;0;1;0
k>=o8;0;1;0
@5838>7=>5;0;1;0
domaine;0;1;0
25@=>ab8;0;1;0
невозможный;0;0;1
вид;4;9;2
браузер;1;0;0
пассажир;2;0;0
установка;0;1;11
7=0g5=85<;0;0;1
>ab>o==cn;0;0;1
чтобы;9;0;22
a515;0;1;0
параллелизм;0;0;1
xixxx;0;1;0
@02=k9;0;1;0
слаборазвитый;0;1;0
canvasbottomcanvastop;0;0;1
присоединяться;1;0;0
работа;0;2;8
эллин;0;3;0
xmlns;0;0;1
вводный;1;0;0
эффективно;0;0;3
найти;0;0;5
=;0;0;1
обеспечивать;0;0;1
выйти;0;0;2
сознание;0;1;0
укрепить;0;1;0
архаика;0;1;0
самодержавный;0;1;0
абстрагироваться;0;0;1
=5a:>l:8e;0;1;0
выделить;0;1;4
неодушевлённый;0;1;0
вайшья;0;1;0
a04k;0;1;0
земледелец;0;2;0
erasebypoint:;0;0;1
увидеть;1;0;6
др;0;3;4
столбца:;0;0;1
подгрупп:;0;0;1
вначале;0;0;2
скрытый;0;0;2
ключик;0;0;3
военный;0;5;0
запустить;0;0;3
гф;0;1;0
объявление;0;0;4
major;0;1;0
sqldataadapter;0;0;1
начинать;0;2;1
вертикальный;0;0;3
>1@o40;0;1;0
3@0<<0b8:0;0;1;0
многий;0;0;1
строчка;0;0;1
75<5l=ke;0;3;0
дробный;1;0;2
абстрагировать;0;0;1
integrated;0;0;1
=8;0;0;1
начальный;0;0;1
дать;14;2;51
государствё;0;1;0
<5:8<;0;1;0
:>ng8<;0;1;0
тот;5;4;21
успешность;1;0;0
панель;0;0;4
использования:;0;0;1
воззрение;0;1;0
храниться;1;0;0
размер;0;2;12
общественноэкономический;0;1;0
>g5@54l;0;1;0
1714;0;1;0
арендатор;0;1;0
брахман;0;1;0
просмотр;0;0;1
currentvalue;0;0;1
население;0;8;0
специализация;0;1;0
немного;2;0;1
120;0;0;2
предварительно;0;0;1
спокойствие;0;1;0
число;2;3;6
явление;0;3;0
состояние;0;0;3
проект;0;0;9
7028a8<>5;0;1;0
отделить;0;0;1
600;0;0;1
presentationcoredll:;0;0;1
type;0;0;1
знакомый;2;0;1
окно;1;0;17
игнорироваться;0;0;1
процессор;0;0;2
1;1;2;2
96;0;0;3
decreasefontsize;0;0;1
left:;0;0;1
распространить;0;3;0
никакой;0;1;0
военнный;0;1;0
различный;1;3;7
обновление;0;0;8
editingcommands:;0;0;1
э;0;2;0
бог;0;3;0
3>@>65==k5;0;1;0
возможно;0;0;2
синоним;0;1;0
b8g8b5l=0o;0;0;1
interval;0;0;1
мочь;9;5;44
обоснованный;0;1;0
=0a8lab25==k9;0;1;0
землевладение;0;3;0
классификация;3;3;0
chiefdom;0;1;0
возвращать;0;0;7
возможный;1;1;2
:0g5ab25;0;0;1
presentationframeworkdll;0;0;1
xxi;0;1;0
получение;2;0;1
часть;1;7;6
4@c3c;0;1;0
переменный;11;0;0
несение;0;1;0
почетноторжественный;0;1;0
тем;0;0;3
добавление;0;0;4
b5e;0;1;0
packages:;0;0;1
displaymode;0;0;1
пользоваться;0;1;0
угол;0;0;1
15775<5l=ke;0;1;0
употреблять;0;2;0
b5:ci53>;0;0;3
сплиттер;0;0;1
4o;0;3;3
взаимосвязь;0;2;0
хлопководство;0;1;0
полис;0;10;0
a>740=8o;0;0;1
48007>=0;0;0;1
историография;0;1;0
b>l:>;0;2;1
смена;0;2;0
=5a:>l:>;0;0;2
isanimationprohibited:;0;0;1
"background=""red""";0;0;3
расположение;2;0;2
stepik;1;0;0
верхушка;0;2;0
поток;0;0;3
canexecute;0;0;1
орган;0;3;0
d5>40>2;0;2;0
очень;1;0;4
охота;0;2;0
исторически;0;2;0
повториться;0;0;1
говорящий;0;1;0
наука;1;7;0
459ab289;0;1;0
парольный;0;0;2
идея;0;1;0
чёткий;1;0;0
лестница»;0;1;0
отслеживать;0;0;2
собственный;0;0;1
обычай;0;1;0
8;0;1;2
предок;0;1;0
холопами:;0;1;0
подгруппа;0;0;1
princeps;0;1;0
int;0;0;2
менять;0;0;1
после;1;4;6
обрядность;0;1;0
внутри;2;2;5
correctionlist;0;0;1
классический;0;1;0
age;2;0;0
6184;2;0;0
3d;0;0;1
разделительный;0;0;1
император;0;3;0
удаляться;0;0;1
старое;0;0;1
3>2>@8bl;0;1;0
static;0;0;2
автоматический;0;0;1
302=k<;0;1;0
3@ck;0;1;0
сходный;0;4;0
запад;0;1;0
systemwindowscontrolsbutton;0;0;1
return;0;0;1
институт;0;2;0
услышать;1;0;0
8a:эaab2;0;1;0
теория;0;3;0
революция;0;1;0
община;0;11;0
istodayhighlighted;0;0;1
find;0;0;1
трудиться;0;1;0
0e>b=ke;0;1;0
canvastop;0;0;3
закончить;2;0;0
сражаться;0;1;0
старание;0;1;0
городгосударство;0;1;0
баскак;0;3;0
будущее;0;0;1
redo;0;0;1
3>@>60=;0;1;0
верование;0;1;0
horizontalalignment;0;0;3
@01>b02h53>;0;1;0
inherits:;0;0;1
существо;0;1;0
предельный;0;0;1
суждение;0;1;0
подать;0;1;0
эксплоративный;1;0;0
ctrl;0;0;2
добавлять;0;0;9
>28==>ab8;0;1;0
поль;0;0;4
устанавливать;0;0;6
a5=l>@c;0;1;0
:>b>@>9;0;2;0
cg5=85;0;1;0
нравственный;0;2;0
>1@01>bg8:;0;0;1
отрабатывать;0;1;0
«феодальный;0;1;0
ясный;0;0;1
складывание;0;1;0
nobilitas;0;1;0
правитель;0;5;0
монастырский;0;2;0
ещё;2;1;6
>a2>1>645=85;0;2;0
help;0;0;1
комбинировать;0;0;2
40bk;0;0;1
условный;0;2;1
фиксировать;0;1;0
@><5;0;0;1
изучать;0;2;0
@54ab02o5b;0;0;1
d5>4087<0;0;1;0
уровень;0;2;5
принципов:;0;0;1
разделение;1;0;0
дворянский;0;1;0
22>40;0;0;1
вернуться;1;0;0
сфера;0;3;0
прошлый;0;1;2
восток;0;2;0
пауза;1;0;0
влиять;0;0;4
componentcommands:;0;0;1
@54ab02o;0;1;0
наследоваться;0;0;4
view;0;0;1
родовой;0;7;0
сеть;12;0;0
pair;0;1;0
написать;0;0;1
древний;0;11;0
заключить;0;0;1
3>@б6820=8o;0;1;0
социальный;0;12;0
вкратце;2;0;0
факт;0;1;0
испытание;0;1;0
erasebystroke:;0;0;1
отражать;0;1;0
250al;0;1;0
image;0;0;1
a>20;0;1;0
validatevaluecallback:;0;0;1
узел;0;0;6
7=0g5=89:;0;0;2
5=;0;1;0
собственник;0;1;0
исследовательский;0;2;0
04<8=8ab@0b>@><;0;1;0
senatus;0;1;0
единодержавный;0;1;0
рассмотреть;0;0;4
ведь;1;0;1
картинка;0;0;1
прийтись;0;0;2
извещать;0;0;1
структура;1;1;7
дань;0;9;0
крупный;0;3;0
35@f>3;0;1;0
sql;0;0;10
северный;0;2;0
scrollpagedown;0;0;1
семейнобытов;0;1;0
вытащить;1;0;0
a>1ab25==>;0;1;0
письмо;0;1;0
нужно;8;0;4
предполагать;0;6;1
система;0;11;8
договор;0;1;0
a020;0;1;0
восприятие;0;1;0
соплеменник;0;1;0
встроить;0;0;8
8<52h55;0;1;0
:0=>=8g5a:>3>;0;1;0
:><5:a;0;1;0
всякий;0;0;1
выступать;0;2;1
2845;0;0;2
помнить;1;0;0
государственность;0;2;0
d8;0;1;0
вытесняться;0;1;0
>b>1@0605b;0;0;3
там;0;0;2
памятник;0;2;0
суть;0;0;2
2>5==k<;0;1;0
height;0;0;5
регистрация;0;0;2
запомнить;1;0;0
e>7o9ab2>;0;1;0
елегат;0;0;1
тирания;0;1;0
гораздо;1;0;2
рюрик;0;3;0
наблюдаться;0;1;0
<<c=8bйb;0;1;0
италия;0;2;0
собираться;0;1;0
сей;0;1;0
фратрия;0;1;0
штрих;0;0;6
эндогамия;0;1;0
>1kg=>;0;1;0
партия;0;1;0
опять;0;0;3
представитель;0;4;0
работать;1;1;4
закрывать;0;0;1
@o40;0;1;0
company;0;0;2
xiixv;0;1;0
рекомендовать;1;0;0
mb>9;0;0;2
диспетчер;0;0;1
декорация;0;0;1
италийский;0;1;0
варьироваться;2;0;0
дух;0;1;0
успешно;2;0;1
"""5@<8=";0;2;0
70;0;3;0
назначаться;0;2;0
обходиться;0;0;1
>b=>h5=8n;0;2;0
пакет;0;0;1
имение;0;2;0
охватывать;0;1;1
affectsarrange:;0;0;1
василий;0;1;0
красивый;0;0;1
d5>40l=>9;0;3;0
control;0;0;2
><>iln;0;0;1
курсах:;1;0;0
индия;0;1;0
textbox;0;0;4
вступать;0;2;0
dominium;0;1;0
древние;0;1;0
центр;0;1;3
б@i8=0;0;1;0
земледельческий;0;1;0
соотношение;1;0;0
проявление;0;1;0
явно;0;0;1
>60>20==>5;0;1;0
a515;0;0;1
«император;0;1;0
@02=ke»;0;1;0
выкупить;0;1;0
жёстко;0;0;2
datagrid;0;0;3
значень;0;0;1
>:0;0;0;1
a>1>9;0;0;1
4286й=85;0;1;0
положение;0;1;0
1>55;0;2;0
наблюдение;4;0;0
a25ba:>5;0;1;0
7028a8<ke;0;2;0
вместо;0;0;2
сельскохозяйственный;0;2;0
@id;0;0;1
типов:;0;0;1
между;5;5;4
под;2;2;6
остаток;0;2;0
здесь;0;0;7
calendar;0;0;3
tooltip;0;0;1
документ;0;3;3
собирательство;0;1;0
d5>4;0;1;0
отдаться;0;1;0
ribboncommands:;0;0;1
древность;0;3;0
center;0;0;1
событие;0;1;7
создание;0;2;13
архантроп;0;2;0
deleteудалить;0;0;1
грань;0;1;0
<548f8=a:89;0;1;0
random;4;0;0
2a59;0;1;0
2@>k;0;2;0
нейронный;12;0;0
>1o70==>abo<8;0;1;0
inkandgesture:;0;0;1
пересматривать;1;0;0
a2o70==ke;0;1;0
a>2>:c=>abl;0;1;0
сжатие;0;0;2
a>f80l=>3>;0;1;0
случайно;1;0;0
>@5455==k<8;0;1;0
естественный;0;1;0
обычный;1;1;10
строка;0;0;35
объесть;0;0;2
символический;0;1;0
canvas;0;0;4
a5f80l=>ab59;0;1;0
mobiledb;0;0;1
b@51>20=8o;0;1;0
iscancel;0;0;1
объективный;0;1;0
домой;0;0;1
заново;0;0;1
>1kg05<;0;1;0
ресайза;0;0;1
b0:;0;2;0
отряд;0;1;0
предлагать;0;0;3
e>7o9ab25==cn;0;1;0
браузерный;0;0;1
каган;0;1;0
иногда;0;1;0
продолжительный;0;1;0
метрополия;0;1;0
15=5d8f89;0;1;0
большой;1;1;1
повышать;0;0;1
активность;3;0;0
пустой;0;0;1
срок;0;1;1
<>=0@e;0;1;0
visible:;0;0;1
xaml;0;0;19
с;9;42;88
институционализация;0;1;0
выдаваться;0;2;0
установленный;0;1;5
цвет;0;0;1
полюдье;0;1;0
annales;0;1;0
homo;0;1;0
семья;0;4;0
товарообмен;0;1;0
сводить;0;0;1
a0<><;0;0;1
<5aofk;0;0;1
кровнородственный;0;2;0
корреляция;1;0;0
287;0;1;0
d8>a>d88;0;1;0
напрямую;0;0;1
=0a54>20;0;1;0
нейрон;22;0;0
@02>;0;1;0
уbg8=0;0;1;0
@>b5ab0;0;1;0
столбцы;0;0;12
"height=""04in""";0;0;1
параллельно;0;0;1
b5@<8=;0;1;0
сжатый;1;0;0
>:07k20bl;0;1;0
decision;2;0;0
понятно;1;0;1
278<02h0oao;0;1;0
норманн;0;2;0
8b5@0bc@5;0;1;0
появляться;0;2;0
ярлык;0;2;0
брать;0;1;0
наоборот;0;0;1
вместить;0;0;1
103>@>4=>5;0;1;0
password;0;0;1
сатрап;0;1;0
плуг;0;1;0
хороший;5;0;4
выравнивать;0;0;1
потомок;0;5;0
ac40;0;1;0
5aobъ=0;0;1;0
ли;2;0;1
user32;0;0;1
run;0;0;1
допустить;1;0;0
@8ao38;0;1;0
использоваться;0;0;28
доклассовый;0;1;0
70:@55==k<8;0;1;0
составлять;0;3;0
"acceptstab=""true""";0;0;1
>b:@kbk<;0;0;1
керамика;0;3;0
@price;0;0;1
prehistory;0;1;0
полусамостоятельный;0;1;0
перезагрузить;1;0;0
принцип;0;6;1
нет;1;2;0
=388;0;2;0
@828538n;0;1;0
paste;0;0;1
поныне;0;1;0
наиболее;1;4;3
a>1ab25==>ab8;0;1;0
mb>b;0;0;1
48007>=;0;0;1
век;0;23;0
гуманитарный;0;2;0
homage;0;1;0
мировоззрение;0;2;0
деревня;0;1;0
22>40;0;0;1
:@5ablo=45@60b559;0;1;0
immunitas;0;1;0
помещик;0;1;0
период;1;8;0
replace;0;0;1
поступать;2;0;0
варяжский;0;1;0
московский;0;3;0
a25ba:8e;0;1;0
состав;0;2;1
этикет;0;1;0
надо;0;0;23
api;0;0;5
онлайн;1;0;0
22=m;0;1;0
8ab>g=8:>2;0;1;0
демократия;0;1;0
=59;0;3;0
d@;0;1;0
анимация;0;0;3
идентификатор;0;0;2
вассальный;0;1;0
тег;0;0;2
wrappanel;0;0;1
040nb;0;0;1
select;0;0;1
xiv;0;4;0
руководство;0;0;1
подразумевать;1;0;0
подчёркивание;0;0;2
координата;0;0;3
качество;0;1;8
@54ab02o2h8e;0;1;0
button;0;0;4
незаполненный;0;0;1
record;0;0;1
знак;0;1;0
титул;0;7;0
конфуций;0;1;0
a2>9ab20<8;0;0;1
"""русь""";0;1;0
аристократия;0;2;0
так:;1;0;0
a>65==k5;0;1;0
спорт;0;1;0
параллельный;0;1;0
b;0;1;0
прикоснуться;0;0;1
авсуворов;0;1;0
нетривиальный;1;0;0
рыболовство;0;1;0
кнопочка;0;0;1
малый;0;1;0
«орда»;0;1;0
функций:;0;1;0
прочуять;0;0;1
современный;0;1;0
2kah59;0;1;0
обработка;0;0;3
запоминаться;1;0;0
перемотка;0;0;1
строить;0;3;0
оболенский;0;1;0
><5abl5;0;1;0
так;9;3;13
несложно;1;0;0
g5@bk;0;1;0
copy;0;0;1
v;0;3;0
20aa0c:;0;1;0
автономно;0;0;1
восточный;0;1;0
традиционный;0;1;3
2a55=a:8e;0;1;0
2@>k;0;2;0
добро;0;1;0
производительность;0;0;2
регулировать;0;0;1
>1i8==ke;0;1;0
корпорация;0;1;0
непременно;0;1;0
>5;0;0;1
делеата;0;0;1
важность;4;0;0
студент;5;0;0
102;2;0;0
:0aa;0;1;0
очередь;0;0;1
раз;0;1;4
сопоставление;0;0;1
:>45;0;0;2
пол;0;1;9
глобальный;0;0;1
жалование;0;1;0
конец;0;2;3
@01>b=8:>2;0;1;0
вследствие;0;1;0
@02=ke;0;1;0
0ab@>=><8o;0;1;0
стэпами;1;0;0
заканчивать;0;1;0
4><5=80l=>5;0;1;0
упростить;0;0;1
вызывать;0;0;3
701>@0<8;0;1;0
справка;0;0;1
например;5;8;30
каждый;6;2;9
заслуга;0;1;0
>b:>=oni55ao;0;1;0
«%>g5hl;0;1;0
экстенсивный;0;1;0
папка;0;0;1
явный;1;0;4
правило;1;3;2
владимиросуздальский;0;1;0
тд;0;2;10
придерживаться;0;0;1
английский;0;0;1
полоса;0;0;5
метка;0;0;3
что;15;4;25
письменность;0;1;0
687=5>8a0=85;0;1;0
frameworkpropertymetadata;0;0;2
представление;1;1;3
0=3;0;1;0
соседский;0;3;0
законный;0;1;0
wpf:;0;0;1
вера;0;4;0
высота;0;1;15
площадь;0;1;0
expanded;0;0;1
верхний;1;0;5
ускорение;1;0;2
нужный;0;0;5
соль;0;1;0
боярин;0;2;0
4@c3;0;1;0
250;0;1;0
пригласить;0;1;0
=>;0;2;0
:=>:5;0;0;1
a>1>@k;0;1;0
независимость;0;0;1
княжестваземлить;0;1;0
широкий;0;2;1
a>a>2=>3>;0;1;0
предел;0;2;2
70@5i05b;0;0;1
0@8ab>:@0b88;0;1;0
d0:clb5b>2;0;1;0
необходимый;1;1;6
g0abl;0;3;0
выполнять;0;0;9
5=0;0;1;0
человечество;0;2;0
праистория;0;1;0
d5>40l=>3>;0;2;0
взаимопомощь;0;1;0
>1i5ab2>;0;1;0
обладатель;0;1;0
4=8;0;0;1
а;5;5;42
атрибут;0;0;7
html;0;0;2
1ий;2;0;0
ребёнок;0;2;0
родственник;0;2;0
database:;0;0;1
дизайнер;0;0;1
частью;0;0;2
последовательно;0;0;1
a2oi5==8:;0;1;0
определение;0;0;9
компиляция;0;0;1
член;0;8;0
>4=0;0;1;0
e>7o9ab25;0;1;0
05:a0=4@89a:89;0;1;0
на;24;45;76
directx;0;0;7
валидация;0;0;7
true;0;0;2
подключение;0;0;6
feature;1;0;0
0=8<0;0;1;0
античный;0;2;0
обсуждение;2;0;0
сенат;0;3;0
stackpanel;0;0;1
судебный;0;2;0
ноябрь;0;1;0
субъективный;0;1;0
:=>:0;0;0;2
рисование;0;0;3
шудра;0;1;0
рука;0;3;0
основной;0;1;2
2k455==ke;0;0;1
басилевс;0;1;0
остаться;0;0;1
сам;0;3;7
затем;2;1;11
@8=8<05b;0;0;1
8@ch:0;0;1;0
зависимость;1;3;26
считаться;0;3;0
вершить;0;1;0
даровать;0;1;0
browseback;0;0;1
приложений:;0;0;1
m5<5=b;0;0;3
получать;0;4;5
функция;5;0;2
неуправляемый;0;0;1
фич;1;0;0
ac68bl;0;0;1
особый;0;4;1
перерисовываться;0;0;1
люба;2;0;2
столбец;0;0;16
также;3;5;27
какихтый;0;0;1
>l7>20b5la:89;0;0;1
административный;0;2;0
май;1;0;0
mb>3>;0;0;1
20@20@a:8e;0;1;0
scrollviewer;0;0;2
пространство;0;0;7
мультимедиа;0;0;2
сумма;0;0;1
жизнь;0;4;0
a2obke;0;1;0
459ab28o;0;1;0
предпочтительный;0;0;1
происходить;0;0;4
206=ke;0;0;1
textwrapping;0;0;3
buttonbase;0;0;1
2ak20ni89;0;0;1
отметить;1;0;2
an75@5=><;0;1;0
интерфейс;0;0;32
45@60=85;0;1;0
компоновка;0;0;20
отработать;0;0;1
выразить;0;1;0
42>@o=a:>5;0;1;0
=5ab8;0;1;0
деятельность;0;5;0
набирать;0;1;0
какоеть;0;0;1
место;0;2;5
40b;0;0;2
сформулировать;0;1;0
@028l=>;0;1;0
displaydatestart;0;0;1
девятилетие;0;0;1
хvш;0;1;0
f5@:>2ln;0;1;0
волконский;0;1;0
registerattached:другий;0;0;1
обязанность;0;2;0
сохранить;0;0;4
немецкий;0;1;0
пение;0;1;0
варяг;0;2;0
целостный;0;1;0
визуально;0;0;2
прохождение;4;1;0
посвятить;1;1;1
должность;0;6;0
>687=5==>5;0;1;0
меню;0;0;7
>25f;0;1;0
княжение;0;1;0
магистратура;0;4;0
играть;0;0;1
республика;0;5;0
>b25b;0;1;0
<button;0;0;1
открываться;0;0;1
монитор;0;0;1
месяц;0;1;0
c<>g0=8n;0;0;2
:>b>@><c;0;1;0
>a=>25;0;2;0
ашлецер;0;1;0
в;35;201;206
b5g5=89;0;1;0
d5>400;0;1;0
родоплеменной;0;2;0
:ng00;0;1;0
menu;0;0;1
городской;0;2;0
решающий;2;1;0
распространяться;0;0;1
milcoredll:;0;0;1
09>@0b;0;1;0
<5aof0;0;0;1
browseforward;0;0;1
связывать;0;0;1
праобщина;0;1;0
нуль;0;0;2
принимать;2;1;7
глубина;1;0;0
adapterupdate;0;0;3
отделять;0;0;1
слияние;0;1;0
8a>l7c5bao;0;0;1
путь;1;0;0
инициация;0;1;0
входной;4;0;1
=0;0;13;4
параметров:;0;0;1
cab0=>25=>;0;0;2
половина;1;1;0
выборный;0;2;0
западный;0;1;0
всецело;0;0;1
говориться;1;0;1
командующий;0;1;0
«2>bg8=0»;0;1;0
3х3;0;0;1
27;0;1;0
>74=50b;0;2;0
природный;0;2;0
конкретность;0;1;0
ac38;0;1;0
42865=85;0;1;0
strokecollected;0;0;1
механизм;0;0;2
ac68k5;0;1;0
=0@8<5@;0;0;1
5<5=;0;1;0
базовый;0;0;3
два;6;3;11
2d;0;0;1
auto:;0;0;1
совершенно;0;0;1
>a:>l:c;0;1;0
5@e>2=k9;0;1;0
раскрываться;0;0;1
frameworkelement;0;0;1
фокус;0;0;3
unity;0;0;1
ab0@h89;0;2;0
нередко;0;0;1
частность;0;0;1
отличительный;0;1;1
=0720=8o<8;0;0;1
вычислительный;2;0;1
кшатрий;0;1;0
commandbinding;0;0;1
мвломонос;0;1;0
предпринимать;0;1;0
silverlight;0;0;1
mode=twoway;0;0;1
например:;0;3;0
избранный;0;0;1
a@548;0;2;1
2k45o5b;0;0;3
главный;0;0;3
граница;0;0;4
вы;13;0;6
=0a54ab2c;0;1;0
лишь;0;1;2
немой;0;0;6
применяться;2;1;9
ограничивается:;0;0;1
дело;1;1;3
шероховатость;0;0;1
id;0;0;11
;0;51;0
1c4ci5<c;0;1;0
поместье;0;7;0
contentcontrol;0;0;2
70g5@:=cbk;0;0;1
альтернатива;0;0;1
коренной;0;2;0
systemwindowcontrolscontrol;0;0;1
меняться;0;1;0
вычленить;1;0;0
d@;0;1;0
предоставлять;0;1;3
сначала;0;0;4
выжить;2;0;0
гридь;0;0;1
8<a:>9;0;2;0
настроить;0;0;4
победоносный;0;1;0
воин;0;2;0
a>>b25bab25==>;0;0;1
из;8;10;22
аф;0;1;0
a>1>@>2;0;1;0
ошибка;2;0;1
глава;0;8;2
стереть;0;0;1
iv;0;1;0
вперёд;0;0;1
вокруг;0;0;1
"startupuri=""mainwindowxaml""";0;0;1
запрещение;0;1;0
сделать;4;0;5
ac610;0;1;0
25;3;0;0
остановить;0;0;2
индубуддийский;0;1;0
xvxvi;0;1;0
villain;0;1;0
проверять;1;0;1
свобода;0;1;0
студия;0;0;1
привязка;0;0;18
грида:;0;0;1
дарий;0;1;0
познание;0;1;0
:0b>8g5a:>9;0;1;0
>cg82h55;0;1;0
редактор;0;0;1
cancontentscroll;0;0;1
@5=b0;0;1;0
ca>28oe;0;1;0
выживших/погибнуть;1;0;0
лицо;0;1;0
существование;0;5;0
45=56=cn;0;1;0
собирательный;0;1;0
04>=8;0;1;0
антропология;0;1;0
речь;6;1;0
разрешение;0;0;5
шагом;1;0;0
дохристианский;0;1;0
призывать;0;1;0
этап;0;1;1
repeatbutton;0;0;2
церковь;0;2;0
суверен;0;1;0
разделитель;0;0;2
аппаратный;0;0;2
:@c=>3>;0;1;0
стандартный;0;0;8
если;7;0;62
монарх;0;1;0
blackoutdates;0;0;1
почему;1;0;0
700h:0;0;1;0
condensed;0;0;1
телефон;0;0;1
:@c=ke;0;1;0
жить;0;5;0
8=25ab8bc@0;0;1;0
grigcolumn;0;0;1
вопервое;0;0;2
который;5;21;91
тысяча;0;1;0
сословный;0;1;0
война;0;2;0
sex_male;1;0;0
инициализация;0;0;3
классомnavigationcommands:;0;0;1
>1@01>bg8:0;0;0;1
>=k<8;0;0;1
желательно;0;0;1
lehn;0;1;0
четверть;0;1;0
687=8;0;1;0
список;0;0;4
>1>@>2;0;1;0
народный;0;3;0
a>a>1ab2>20;0;1;0
социогенез;0;1;0
позиционирование;0;0;2
подавление;0;1;0
сближение;0;1;0
антинорманист;0;1;0
ни;0;1;0
dependency;0;0;1
псков;0;4;0
юридически;0;1;0
@58<ci5ab25==>;0;1;0
extensible;0;0;1
1kbl;0;2;0
xv;0;1;0
примитивный;0;1;0
кроме;0;1;7
дальнейший;1;0;1
связать;0;0;3
1k8;0;1;0
нобилитет;0;2;0
нэ;0;13;0
статья;0;1;0
textblock;0;0;7
категория;0;1;0
задать;0;0;13
сохраняться;0;1;1
disabled:;0;0;1
насколько;0;0;1
>b@0a59;0;1;0
a>1kb89;0;0;1
decreasevolume;0;0;1
>1@01>bg8:><;0;0;1
тип;0;12;18
>1j5:b;0;0;1
повинность;0;2;0
2045=85;0;1;0
@8=8<0nb;0;0;1
d5>40;0;1;0
полновластный;0;1;0
войско;0;4;0
buttonbase:;0;0;1
blackbold;0;0;1
мышка;0;0;1
a>1kb89;0;1;0
господство;0;2;0
нарисовать;0;0;1
первобытнообщинный;0;1;0
>g5b=>5;0;1;0
typeconverter;0;0;1
;0;1;0
высокий;1;11;0
среда;0;1;1
>1j548=5=85;0;1;0
1k0;0;1;0
теперь;0;0;5
1@0;0;1;0
ca>288;0;1;0
старт;0;0;1
предсказание;4;0;0
1>55;0;1;0
метод;2;5;21
прошлое;0;5;0
освобождаться;0;1;0
1c45b;0;0;7
e@8ab80=a:8e;0;1;0
опустить;0;0;1
разработчик;0;0;3
a2o70==k9;0;0;1
фй;1;0;0
представить;3;0;7
представления:;0;0;1
connectionstring;0;0;1
такой;2;0;21
ограничение;0;1;1
платформа;2;0;6
movedownbyline;0;0;1
деление;0;1;0
ormтехнология;0;0;1
щербатов;0;1;0
без;0;1;3
>1i85;0;0;1
произвольный;0;0;1
identity;0;0;1
=07k20ao;0;1;0
неподатной;0;1;0
осуществляться;0;0;3
волжский;0;1;0
культовый;0;1;0
гражданский;0;5;0
есть;9;2;14
5=5dъf89;0;1;0
офсайт;0;0;1
@842>@=cn;0;1;0
обучать;1;0;0
>;0;5;3
брак;0;4;0
дым;0;1;0
"textalignment=""right"">";0;0;1
c#;0;0;10
:=o7l;0;2;0
a2>1у4=ke;0;1;0
8a:caab2»;0;1;0
@020;0;2;0
commandparameter;0;0;1
превышать;0;0;1
абстрактный;0;0;2
покорить;0;1;0
начало;0;2;1
=060b88;0;0;2
социальноэкономический;0;3;0
2015;0;0;1
указатель;0;0;1
касание;0;0;1
выше;2;0;7
5=lу@;0;1;0
отображение;0;0;1
>b=>h5=89;0;1;0
образоваться;0;1;0
c3>4lo;0;1;0
g53>;0;1;0
editingmode;0;0;1
>72>onb;0;0;1
ранний;0;6;0
dc0;0;1;0
край;0;0;1
окончательно;0;1;0
синьхайский;0;1;0
=0g0l=cn;0;0;1
=:287ъf8o;0;1;0
максимально;1;0;1
земледелие;0;4;0
>c:@5ablo=a:89;0;1;0
среди;0;1;1
:@c=k9;0;1;0
курс;19;0;0
"""text""";0;0;1
коллектив;0;5;0
разобраться;1;0;0
понятный;0;1;1
2k455=8o;0;0;1
польза;0;1;1
closeзакрыть;0;0;1
табуляция;0;0;1
@o4><;0;0;1
социокультурный;0;1;0
contextmenu;0;0;1
ak=;0;1;0
новое;1;0;5
платёж;0;1;0
развитый;0;1;0
systemwindowsinputroutedcommand;0;0;1
зависимый;0;4;0
>1@5b5=85;0;1;0
растягивать;0;0;1
—;2;4;0
эпигон;0;1;0
updatedb;0;0;1
это;11;9;40
проживание;0;3;0
размещаться;0;0;1
необязательно;0;0;2
самостоятельный;0;1;0
реакция;0;0;1
религиозный;0;4;0
f5@:>2=>9;0;1;0
false;0;0;1
заточить;0;0;1
надсемейство;0;1;0
изображение;0;0;2
боярский;0;6;0
историк;0;1;0
витальный;0;1;0
уровня:;0;0;2
b5:ab>2>5;0;0;1
переход:;0;1;0
относиться;1;4;3
4ce>2=k5;0;1;0
«5@2k<;0;1;0
@020<8;0;1;0
<configuration>;0;0;1
копирование;0;0;2
шлем;0;1;0
установить;0;2;14
переход;0;2;2
linebreak:;0;0;1
панцирь;0;1;0
firstdayofweek;0;0;1
;0;2;8
следующими:;0;0;1
a2>9ab20<;0;0;1
magdeburgense;0;1;0
a2ob>9;0;1;0
8a>l7co;0;1;0
beneficium;0;1;0
инвентарь;0;1;0
дружинник;0;2;0
насильственный;0;1;0
true;0;0;1
iххvi;0;1;0
поход;0;1;0
defaultvalue:;0;0;1
яю;0;0;1
calendardaterange;0;0;1
75<8;0;3;0
>7c=:0;0;0;1
gb>;0;1;0
неявно;0;0;1
homo;0;1;0
больший;1;0;3
отдельный;0;2;4
сплитер;0;0;7
064k9;0;1;0
datepicker;0;0;2
название;0;6;9
сплит;1;0;0
commandtarget;0;0;1
dllфайл;0;0;1
понять;2;0;0
"""defaultconnection""";0;0;1
mongodb;0;0;1
средневековый;0;2;0
прямоугольничка;1;0;0
systemcommands:;0;0;1
>aу285;0;1;0
упоминаться;0;1;0
ничто;0;0;1
мифологический;0;2;0
2>5==cn;0;1;0
усилие;1;0;0
h8@>:>;0;1;0
лата;0;1;0
определённый;0;11;12
наглядный;0;0;1
singledate;0;0;1
10@>=;0;1;0
oracle;0;0;1
преобразовать;0;0;2
a>e@0=5=8n;0;1;0
<<443333;0;0;1
обозначить;0;0;1
познакомиться;1;0;2
:>@>==ke;0;1;0
владеть;0;1;1
fontstyle;0;0;1
a>1ab25==8:;0;2;0
передаваться;6;0;2
<>65b;0;0;3
скотоводство;0;3;0
выполняться;0;0;5
набрать;3;0;0
отключить;0;0;1
vbnet;0;0;2
причудливый;0;1;0
разряд;0;2;0
фрагмент;1;0;0
ханство;0;1;0
вышележащий;0;0;1
>@545o5b;0;0;1
христианство;0;2;0
"content=""кнопка""";0;0;1
давать;3;1;0
a60bk<;0;1;0
цитадель;0;1;0
совокупность;0;8;0
произвести;0;0;1
2>7=8:8;0;1;0
конекстный;0;0;1
подробный;1;0;0
@54ab028b559;0;1;0
executed;0;0;1
всеобщий;0;1;0
saveas;0;0;1
“пожилого”;0;1;0
h8@>:><;0;1;0
столь;0;0;1
распределить;0;0;1
;0;3;0
ac61k;0;2;0
xvixvii;0;2;0
поиск;1;0;0
@0a@>ab@0=5==>5;0;1;0
вести;1;1;1
сторона;1;0;2
позиция;0;0;2
узнать;1;0;0
2045=8o;0;1;0
a=>20b55<;0;1;0
>:>=g0=8o;0;1;0
2045=89;0;1;0
=542868<>abl;0;1;0
както;0;0;1
a@54=525:>2>5;0;2;0
программа;0;0;10
apiинтерфейс;0;0;1
a;0;5;6
деталь;1;0;0
сжимать;0;0;2
пусть;0;0;2
средство;0;2;1
удельный;0;2;0
муниципия;0;1;0
объект;0;1;29
ханский;0;1;0
соответственно;0;0;5
mainwindow:;0;0;1
forms;0;0;1
@8=c48b5l=k9;0;1;0
вариант;0;0;1
=8e;0;1;0
за;3;10;5
нежелательно;0;0;2
овощеводство;0;1;0
8=48284c0l=>a5<59=0o;0;1;0
принадлежать;0;4;0
8<5;0;1;0
состязательность;0;1;0
иван;0;2;0
стихийный;0;1;0
@01>bk;0;0;1
свободный;0;4;0
транслироваться;0;0;1
:=>:8;0;0;1
рассчитывать;1;0;0
@0728b>3>;0;1;0
@>28=f8oe;0;1;0
facebook;1;0;0
подсистема;0;2;1
a25ba:85;0;1;0
размещение;0;0;2
учёт;0;1;0
jus;0;1;0
связанный;0;4;8
выплата;0;1;0
новгород;0;5;0
поддержка;0;0;7
проекция;0;0;1
социальнополитический;0;1;0
7=0g5=85;0;0;2
c;0;0;1
смерть;0;1;0
директивыusing;0;0;1
d>@<0;0;1;0
казахстан;0;1;0
0aa0;0;1;0
@8;0;1;2
труд;0;2;0
пашенный;0;2;0
холопка;0;1;0
реальный;0;3;1
процесс;1;12;7
:>=5g=cn;0;0;1
широко;0;0;1
описание;1;0;0
участок;0;1;0
армия;0;1;0
gridrowspan;0;0;1
образование;0;1;0
клинопись;0;1;0
поровну;0;0;1
«татары»;0;1;0
калькулятор;0;0;1
b>;0;0;2
легион;0;3;0
hidden:;0;0;1
делать;1;0;2
0405b;0;0;2
динамика;0;1;0
пустота;0;0;1
@81k8;0;1;0
bindstwowaybydefault:;0;0;1
несколько;3;3;9
исполнять;0;1;0
частный;0;1;0
рабовладельческий;0;1;0
вкладывать;0;0;1
наделить;0;1;0
назад;0;0;1
displaydateend;0;0;1
>ab020blao;0;0;1
предсказать;4;0;0
насыщенный;0;0;2
=b5@20;0;0;1
хан;0;3;0
религия;0;1;0
validatevalue;0;0;1
binary;0;0;1
обладать;0;3;3
раскрытие;0;0;1
перейти;2;0;1
соревновательность;0;1;0
0aaб;0;1;0
оказаться;2;0;0
появление;0;2;0
племя;0;7;0
норманнский;0;1;0
a1kb;0;1;0
логика;0;1;6
мелиорация;0;1;0
common;0;0;1
:=>:0;0;0;1
конкретно;0;0;1
перечисленный;0;0;1
3>@>40;0;2;0
a>ab02oni8e;0;1;0
шрифт;0;0;7
gestureonly:;0;0;1
скореллированность;1;0;0
dpi=;0;0;1
раздел;0;2;0
чаща;0;0;1
0b@81cb;0;0;1
"""0:65";0;0;1
указать;0;0;5
помогать;1;0;4
=060b8n;0;0;2
рента;0;2;0
конспект;1;0;0
пожалуйста;1;0;0
итог;1;0;1
собственность;0;7;0
выходной;2;0;1
@8>1@5;0;1;0
сочетание;0;0;1
hairesis;0;1;0
скот;0;1;0
3>ac40@ab20e;0;1;0
09>@бb;0;1;0
48007>=;0;0;1
располагаться;0;0;1
акрополь;0;2;0
файл;0;0;17
здесь:;0;0;1
%xiii;0;1;0
крестьянеобщинник;0;1;0
2k455=85;0;0;1
d5>400<8;0;2;0
8<52h8e;0;1;0
вопрос;2;2;1
viewbox;0;0;1
a>b2>@5=;0;1;0
выровнять;0;0;1
позволять;1;0;13
>a54>20b5l=>;0;0;2
gridrow;0;0;2
декларативный;0;0;8
специалисты:;0;0;1
идеология;0;2;0
2k040ni8<;0;0;1
3@c0;0;1;0
«введение;1;0;0
par;0;1;0
титаник;1;0;0
iii;0;2;0
ключевой;0;0;2
dispatcherobject;0;0;1
заменить;0;0;1
фреймворка;0;0;1
стилть;0;0;1
киевский;0;3;0
><5ablo;0;1;0
присваиваться;0;0;1
направить;0;2;0
привязать;0;0;1
a>1ab25==>abl;0;1;0
information;1;0;0
подходить;1;0;0
>3@0=8g5=8n;0;1;0
легко;2;0;2
<<б6;0;1;0
84ci8e;0;0;2
господствующий;0;3;0
"дизайна""";0;0;1
пытаться;1;0;0
>15a5g5=8o;0;1;0
данный;3;1;8
достаточно;1;0;1
барятинский;0;1;0
@54=525:>2l5:;0;1;0
принципат;0;2;0
граф;2;0;0
какойнибудь;0;0;1
компенсироваться;0;0;1
историзм;0;2;0
престиж;0;1;0
всетаки;0;0;1
862;0;1;0
cg80;0;1;0
астраханский;0;1;0
cut;0;0;1
c#/vbnet;0;0;1
a>1ab25==k<;0;1;0
uielement;0;0;3
лосев;0;1;0
возникнуть;0;4;0
предшествовать;0;1;0
ширина;0;0;9
a5=l>@;0;3;0
gridviewcolumn;0;0;1
"пикселями""";0;0;1
=060b0;0;0;1
общественный;0;6;0
priceproperty;0;0;1
moveleft;0;0;1
45aob85b8o;0;0;1
реконструкция;0;1;0
обозначать;0;1;0
цензовый;0;1;0
column;0;0;1
функционал;0;0;2
важный;4;0;3
>4=8<;0;1;0
языкаоснова;0;1;0
passwordchar;0;0;1
открытый;0;0;1
$5>4б;0;1;0
=0455=85;0;1;0
аспектов:;0;0;1
не;10;20;51
свой;1;11;10
агон;0;2;0
внимание;3;0;2
однако;1;1;9
rewind;0;0;1
properties;0;0;3
отступ;0;0;1
*;0;0;5
a>ab>o>;0;1;0
8<5@88;0;1;0
видеофрагмент;2;0;0
down;0;0;1
хотеть;0;0;3
русский;0;6;0
printpreviewпредварительный;0;0;1
некорректный;0;0;1
@07=>284=>abl;0;1;0
20aa08b5b0;0;1;0
"textdecorations=""underline""";0;0;1
открыть;0;0;3
=5<5f:>5;0;1;0
разный;3;2;6
рекомендация;1;0;1
bk;0;1;0
славянин;0;1;0
форматирование;0;0;3
45=56=>9;0;1;0
кажется;1;0;0
грамота;0;1;0
измерения:;0;0;1
миллер;0;1;0
всего;2;1;6
браться;0;0;1
civilis;0;1;0
бд;0;0;2
нижний;0;2;0
историкогенетический;0;1;0
2k455==cn;0;0;1
почти;1;1;0
публичный;0;0;1
vista;0;0;1
прикрепить;1;0;1
удаление;0;0;2
разным:;0;0;1
label;0;0;2
оптимальный;1;1;0
мятеж;0;1;0
статистический;0;1;0
трёхмерный;0;0;4
с/с++;0;0;1
+;1;0;1
орошение;0;2;0
палочекклинышек;0;1;0
диапазон;0;0;4
window;0;0;5
:@5ablo=a:85;0;1;0
статический;0;0;9
проверка;2;0;3
происхождение;0;6;0
форум;2;0;0
растение;0;2;0
солдат;0;1;0
иконокквадрат;1;0;0
компонентов:;0;0;1
a@54=525:>2>9;0;1;0
5i5;0;1;2
подключаться;0;0;2
:>@>52a:89;0;1;0
текст;0;0;20
обучение;3;0;0
плавный;0;0;1
025*;0;0;1
орфография;0;0;2
:ob2c;0;1;0
тезис;0;1;0
исповедовать;0;1;0
движение;0;2;0
вложить;0;0;9
обязательный;0;1;2
выделение;0;1;2
наказание;0;1;0
новость;1;0;0
>@5455==>3>;0;1;0
a>1>n;0;1;0
75<5l=0o;0;1;0
=5:>b>@k5;0;0;1
справиться;0;1;0
хранение;0;0;2
2k7k20blao;0;0;2
удалять;0;0;3
переместить;0;0;3
=0a54>20=8o;0;1;0
a54ab289;0;1;0
неограниченный;0;3;0
дискуссионный;0;1;0
ряд;0;2;13
listviewitemsadd;0;0;1
воспользоваться;0;0;1
4>;0;2;0
ритуал;0;1;0
точно;0;1;0
рынок;0;2;0
мы;12;0;92
рамка;0;2;0
xv;0;6;0
>=ob8o;0;1;0
полный;0;2;0
40bc;0;0;3
изначально;0;0;1
8f>;0;1;0
команды:;0;0;1
клавиатура;1;0;3
системный;0;0;1
зороастризм;0;1;0
2006;0;0;1
инструкция;0;0;1
нести;0;0;1
репнина;0;1;0
хотя;2;0;5
listbox;0;0;2
болгария;0;1;0
крепостной;0;1;0
боевой;0;1;0
закономерный;0;1;0
@0a@>ab@0=5==ke;0;1;0
пройти;1;0;1
><5=;0;2;0
изменчивость;0;1;0
последний;4;2;2
register;0;0;1
компилироваться;0;0;1
изменяться;1;2;0
сразу;1;0;2
@5<5a5==8:>2;0;1;0
vii;0;1;0
измеряться;0;0;1
2;0;3;0
88;0;7;1
xiii;0;3;0
вниз;0;0;3
они;15;11;24
a5:b0=ba:>5;0;1;0
князь;0;19;0
вне;0;0;3
user32dll;0;0;1
известный;0;2;0
ознаменовать;0;0;1
библиотека;0;0;5
расстояние;1;0;0
selecteddateselecteddates;0;0;1
auto;0;0;1
вляться;0;0;1
обговорить;2;0;0
январь;1;0;0
переходить;0;1;0
efdbapp;0;0;1
экрана:;0;0;1
<connectionstrings>;0;0;1
правовой;0;1;0
прежде;0;0;3
inguisitio;0;1;0
достижение;0;1;0
знание;0;5;0
тест;3;0;0
почитать;0;0;1
пара;0;0;1
>1@07><;0;1;0
задаваться;0;0;3
double;0;0;1
исследование;0;1;0
1>3>a>2a:89;0;1;0
взаимодействие;0;0;3
воля;0;1;0
конфигурация;0;0;2
=>@<;0;1;0
он;12;12;29
@07=k5;0;1;0
объявлять;0;1;0
изменение;0;1;13
соблюдение;0;1;0
триумф;0;1;0
favorites;0;0;1
:=>:c;0;0;1
гапотемкин;0;1;0
подключать;0;0;3
суффикс;0;0;2
browsestop;0;0;1
до;2;19;2
вече;0;4;0
75<5l=>5;0;2;0
d5>40;0;1;0
false;0;0;3
nuget;0;0;1
scope_identity;0;0;1
brushconverter;0;0;1
сообщение;0;0;1
минимальный;0;0;2
классов:;0;0;1
причина;1;0;0
ложиться;0;0;1
дерево;8;0;0
бесправие;0;1;0
>=;0;0;1
признак;0;3;0
>a>15==>;0;1;0
:>=f0;0;1;0
dpi;0;0;3
лекция;1;0;0
8=ke;0;1;0
конструктор;0;0;3
canexecutechanged;0;0;1
доступный;2;0;5
xix;0;1;0
набор;3;0;10
directx:;0;0;1
f5><;0;1;0
первое;1;0;1
fee;0;1;0
достигнуть;0;0;1
всесторонний;0;1;0
убийство;0;1;0
$@0=f88;0;1;0
вообще;0;0;2
3@0d;0;1;0
prit;0;0;1
5=l>@;0;1;0
3=5b0;0;1;0
:>b>@k9;0;0;1
животное;0;1;0
целевой;0;1;0
22>4;0;0;1
25@e>2=k<;0;1;0
=0a54cnbao;0;0;1
предназначение;0;0;1
выходить;0;0;1
включить;0;0;1
эффективный;2;0;0
коллегиальный;0;1;0
propertychangedcallback:;0;0;1
40b0;0;0;1
унаследовать;0;0;3
археологический;0;6;0
настройка;0;0;2
частей:;0;0;1
инструмент;0;0;5
поселение;0;1;0
видеолекция;1;0;0
отображаться;1;0;4
осевой;0;1;0
сборка;0;0;1
short;0;0;1
рисунок;2;0;0
canvasright;0;0;1
довольно;0;0;1
a3>=;0;1;0
a0<>ab>ob5l=>5;0;1;0
brush;0;0;1
=0a55=8o;0;1;0
возвращаться;0;0;1
получиться;2;0;1
треть;0;1;0
умолчание;0;0;15
неолит;0;1;0
вычисление;4;0;0
рало;0;1;0
посадник;0;2;0
a5=l>@;0;1;0
тундра;0;2;0
представлять;4;3;30
8;0;1;0
визуализация;0;0;6
от;10;12;34
короткий;1;0;0
избираться;0;2;0
конкретноисторический;0;1;0
область;0;4;2
применительно;0;0;3
textallignment;0;0;3
когда;0;3;2
radiobutton;0;0;1
преобразование;0;0;1
вотчина;0;7;0
firstpage;0;0;1
династия;0;3;0
развитие;0;11;0
принесение;0;1;0
:=>:8;0;0;2
04<8=8ab@0b82=cn;0;1;0
normal;0;0;1
выравнивание;0;0;3
всадник;0;2;0
версия;1;0;3
различие;0;1;0
самоусовершенствование;0;1;0
казанский;0;1;0
>@l10;0;1;0
7040ni89;0;0;1
возможность;1;0;9
курсор;0;0;6
внешний;0;1;0
проводиться;0;1;0
фреймворк;0;0;1
сервер;0;0;2
a@54=85;0;1;0
эпоха;0;6;0
запуск;0;0;3
1c4cb;0;0;1
@>872>4ab2>;0;1;0
этнос;0;7;0
способ;2;0;1
8<5nb;0;0;1
постоянный;0;1;0
xp;0;0;1
приводить;1;0;0
случай;3;1;15
>188bйb;0;1;0
горчаков;0;1;0
либертина;0;1;0
managed;0;0;2
водный;0;1;0
>ab>g=>9;0;1;0
сконцентрировать;0;1;0
экосистема;0;0;2
удалить;0;0;1
@company;0;0;1
87;0;5;2
фаланга;0;1;0
a54cni8e;0;0;2
select:;0;0;1
>a>1>5;0;1;0
выход;0;2;1
мыший;0;0;1
переноситься;0;0;1
яю5<5=bk;0;0;1
@>b82;0;4;0
полномочие;0;3;0
средний;0;1;0
@0a@>ab@0=82h55ao;0;1;0
напротив;0;0;1
@>7ka:;0;2;0
сложный;1;0;5
lastpage;0;0;1
displaymoded>@<0b;0;0;1
следовать;1;0;2
a5=l>@8o;0;1;0
:0:>981>;0;1;0
мастерский;0;1;0
общераспространённый;0;0;1
кавказ;0;1;0
каменный;0;1;0
f5@:28;0;4;0
команда;1;0;53
/>;0;0;1
визуализироваться;0;0;1
ресурс;1;0;5
a2>9ab2>;0;0;2
философия;0;1;0
погост;0;1;0
a2>9ab2;0;0;2
требовать;1;0;0
тут;1;0;0
должностной;0;1;0
as;0;0;1
rowdefinition;0;0;1
производство;0;3;0
"""\sqlexpress""";0;0;1
5@540202h8<8ao;0;1;0
@542>48b55<;0;1;0
особенно;2;1;0
обмен;0;1;1
обновлять;0;0;1
сближаться;0;1;0
привести;2;0;1
служилый;0;1;0
заложить;0;1;0
togglebutton;0;0;1
7=0=89;0;1;0
посмотреть;0;0;1
расслоение;0;1;0
умножать;2;0;0
значение;7;0;58
стихия;0;1;0
правый;0;0;3
удовлетворение;0;2;0
itemssource;0;0;1
талион;0;1;0
содержимое;0;0;16
родственный;0;1;0
единый;0;3;0
0ab18i0;0;1;0
являться;6;6;23
conventer;0;0;1
м4;0;1;0
if;0;0;1
покровительство;0;1;0
приём;0;2;0
5@2k9;0;0;1
через;0;0;5
военачальник;0;1;0
40==k<8;0;0;1
уставливать;0;0;1
храм;0;1;0
относительно;0;0;3
3>a>4a:>5;0;1;0
детально;0;0;1
>=>abln;0;1;0
развивающийся;0;1;0
слиться;0;1;0
точный;0;0;1
страна;0;3;0
gotopage;0;0;1
инструкций:;0;0;1
византия;0;1;0
образ;0;0;7
insert;0;0;1
видеть;2;0;0
<=;2;0;0
=0<;0;0;1
2>7=8:h55;0;1;0
растяжение;0;0;2
d5>40l=>7028a8<ke;0;1;0
добавляться;0;0;2
видео;6;0;0
ситуация;0;0;1
свойстваобёртка;0;0;1
esc;0;0;1
применение;0;1;2
258;0;1;0
остальной;2;1;1
d@0=:;0;1;0
@02>;0;2;0
a5=l>@88;0;1;0
особенность;1;0;4
доисторический;0;3;0
копировать;0;0;2
воинский;0;1;0
яваться;0;0;1
controls;0;0;1
чифдом;0;1;0
синкретизм;0;1;0
торговец;0;1;0
значений:;0;0;1
правящий;0;1;0
дуалистический;0;1;0
=081>55;0;1;0
нейроэволюция;1;0;0
@>4>2>5;0;1;0
entity;0;0;3
нажатие;0;0;5
четыре;0;0;5
вспомогательный;0;0;1
@>:@cb:c;0;0;1
подчёркивать;0;1;0
цивитас;0;1;0
слово;0;0;1
всегда;2;1;1
причинноследственный;1;1;0
княжеский;0;3;0
none;0;0;1
определимый;0;0;1
открывать;0;0;3
яю;0;0;1
вывод;0;0;2
стилус;0;0;3
наличие;3;1;2
й@5al;0;1;0
анимизм;0;1;0
особа;0;1;0
англ;0;2;0
@54=85;0;1;0
@8<a:>:0b>8g5a:>9;0;1;0
языковой;0;4;0
простой;0;0;7
c#;0;0;1
проработать;1;0;0
@0aa54>20=85;0;1;0
чёрный;0;0;1
над;0;0;3
прокрутить;0;0;2
0b@81cb0;0;0;1
перенести;0;0;2
материальный;0;3;0
скандинав;0;1;0
основный;0;3;1
35@<0=a:8e;0;1;0
dockpanel;0;0;1
ab08;0;1;0
лента;0;0;2
согласно;0;1;1
душить;0;1;0
закон;0;4;0
>>68b5l=k9;0;1;0
трансляция;0;0;1
20aa0>2;0;1;0
аналогичный;0;0;1
302=k<;0;1;0
d5>40l=k9;0;1;0
ca04l10;0;1;0
a5=l>@88;0;1;0
завершиться;0;0;1
суд;0;3;0
различаться;2;1;0
b0:85;0;0;1
selectall;0;0;1
1598;0;1;0
могли:;0;1;0
35@f>3;0;1;0
xxiv;0;1;0
большинство;0;1;3
леса;0;1;0
предтеория;0;1;0
модула;1;0;0
fontstretch;0;0;1
>:07k205b;0;0;1
крымский;0;1;0
служба;0;3;0
переносить;0;0;1
click;0;0;1
стратег;0;1;0
:ng0;0;1;0
пришлый;1;2;0
рациональный;0;1;0
1k2h59;0;1;0
8=8f88@c5b;0;0;1
дочерний;0;0;1
nowrap;0;0;1
олигархия;0;1;0
создать;0;0;11
коллекция;0;0;4
вправо;0;0;1
viii;0;1;0
программный;0;0;1
максимальный;1;0;1
знать;1;8;1
artes;0;1;0
tree;2;0;0
:;0;3;0
китайскоконфуцианский;0;1;0
какоголибо;0;0;1
исследовать;1;0;0
считать;1;1;0
себя;1;11;9
подбор;6;0;0
рабский;0;1;0
реализовать;0;0;6
назначение;0;1;0
2kh5;0;0;1
физический;0;0;1
именование;0;0;1
феодал;0;6;0
вставить;0;0;1
избегать;0;0;1
именно;0;0;2
price;0;0;5
символ;0;0;4
«вправо»;2;0;0
>10;0;1;0
новгородский;0;1;0
gridcolumnspan;0;0;2
сопротивление;0;1;0
2018;1;0;0
3@0d;0;1;0
государь;0;1;0
нажать;0;0;8
освобождение;0;1;0
0b;0;8;0
велик;0;1;0
автономный;0;1;0
понятность;0;0;1
наш;2;2;4
forest;4;0;0
производитель;0;3;1
же;1;1;16
>1o70=;0;1;0
подразделяться;0;1;0
произвол;0;1;0
программист;0;0;1
a2>9ab20;0;0;1
feodum;0;1;0
отец;0;1;0
рендеринг;0;0;3
xixii;0;1;0
:028hc;0;0;1
:028h8;0;0;1
о;11;5;5
делегат;0;0;6
titulus;0;1;0
гипотеза;1;1;0
дружина;0;2;0
функциональность;0;0;3
редактировать;0;0;2
эндоэтноним;0;1;0
патронат;0;1;0
двор;0;2;0
обитатель;0;1;0
громкость;0;0;1
>1i8e;0;1;0
restorewindow;0;0;1
подобный;0;0;5
функциональный;0;0;2
phone;0;0;5
=5<;0;2;0
палеолит;0;1;0
>1@o4;0;1;0
противостоять;0;1;0
пиксель;0;0;10
03451э@3a:>5;0;1;0
производный;0;0;3
предназначить;0;0;3
стать;1;5;0
феодализм;0;3;0
25@>cg5=85;0;2;0
имя;2;2;8
d>@<0b;0;0;1
i;0;3;0
databases;0;0;1
проблема;3;1;0
сократить;0;0;1
свернуть;0;0;1
mainwindowxaml;0;0;5
2>bg8=k;0;1;0
величина;2;0;0
пользователь;5;0;5
генезис;0;1;0
a>:@0i5=8n;0;1;0
@title;0;0;1
выбрать;0;1;2
propertychangedcallback;0;0;1
получить;1;3;4
день;4;1;0
график;0;0;2
командклавиш;0;0;1
методика;0;2;0
затруднение;0;1;1
=045>2;0;1;0
балл;5;0;0
>a>15==>abl;0;0;1
исключенить;0;0;1
чин;0;1;0
код;0;0;26
небо;0;1;0
193;0;1;0
f5k<;0;0;1
previouspage;0;0;1
textdecorations;0;0;2
теряться;1;0;0
антропогенез;0;1;0
тоже;0;0;3
срабатывать;0;0;3
александр;0;1;0
o2onbao:;0;1;0
>1@07;0;1;0
peer;0;1;0
75<o;0;1;0
:@5ablo=ab20;0;1;0
этноним;0;1;0
первобытный;0;3;0
5@540205<>5;0;1;0
solidcolorbrush;0;0;2
execute;0;0;2
7040g8;0;1;0
=5458;0;0;1
75<5l=k5;0;1;0
распасться;0;1;0
initial;0;0;1
2019;1;0;0
землевладелец;0;1;0
xviii;0;3;0
непосредственно;0;1;2
==бk;0;1;0
content;0;0;3
обрабатывать;0;0;1
тотемизм;0;1;0
вызываться;0;0;8
заниматься;0;2;0
сколько;0;1;1
107>2>3>;0;0;1
фактически;0;2;1
3@5g;0;1;0
редактирование;0;0;1
x;0;2;0
клавиш;1;0;4
патрон;0;4;0
53>;0;1;0
подсвойство;0;0;1
наибольший;0;1;0
source=\sqlexpress:;0;0;1
поддерживать;0;0;3
гдеть;0;0;2
"""резиновый";0;0;1
45@60=89;0;1;0
a2o70bl;0;0;1
сословие;0;8;0
5<l;0;1;0
оросительный;0;1;0
переносный;0;1;0
20aa00;0;2;0
примерный;1;0;0
3>40<;0;1;0
изучение;0;3;0
=>1859;0;1;0
история;0;4;0
browsehome;0;0;1
m5<5=b><;0;0;1
readonly;0;0;1
слева;4;0;0
:cab0@=8:><;0;1;0
40bk;0;0;2
8=>=8<0<8;0;1;0
железо;0;1;0
решение;10;2;0
термин;0;8;0
популяция;1;0;0
d@0=f;0;2;0
subpropertiesdonotaffectrender:;0;0;1
можно;7;0;24
фетишизм;0;1;0
d>@<;0;2;0
файла:;0;0;1
печать;0;0;2
dbsavechanges;0;0;2
стоить;0;0;2
синхронизироваться;0;0;1
участвовать;0;3;0
xivxvi;0;2;0
варна;0;1;0
реализация;0;0;2
nvarchar;0;0;1
xvi;0;1;0
сенатор;0;2;0
азия;0;2;0
европа;0;1;0
перед;3;2;0
кастомизировать;0;0;1
распространение;0;2;0
35><5b@8o;0;1;0
некоторый;0;0;9
sta;0;0;1
наподобие;0;0;2
говорить;0;0;1
точка;0;0;3
ссылка;0;0;4
семейство;0;1;2
>765;0;1;0
fontfamily;0;0;1
in;0;0;1
><й=;0;1;0
земельный;0;4;0
загружать;0;0;1
sqlвыражение;0;0;2
миф;0;3;0
<0@:87;0;1;0
presentation;0;0;1
подчеркнуть;0;0;1
жаловаться;0;1;0
перемещение;0;0;4
engineering;1;0;0
:>b>@>3>;0;1;0
объединяться;0;0;2
:>@>59;0;1;0
><5ablo;0;1;0
=0a54c5b;0;0;1
заметка;1;0;0
обряд;0;1;0
inkcanvas;0;0;3
роль;0;1;2
>7c=>:;0;0;1
обёртка;0;0;1
e@8ab80=a:>9;0;1;0
a>f80l=0o;0;1;0
монархия;0;1;0
science;2;0;0
45=l;0;0;1
3dмодель;0;0;1
selecteddateformat;0;0;1
управляемый;0;1;2
пока;0;0;2
tostring;0;0;1
=060b85;0;0;1
a54cni8<8;0;0;1
потрясающе;2;0;0
listview;0;0;3
шаблон;0;0;3
studio;0;0;2
жёсткий;0;1;0
scrollviewergroupbox;0;0;1
поэтому;3;1;9
валидации:;0;0;1
сток;0;0;1
при;5;11;46
налог;0;4;0
@025=;0;1;0
@8=8<05b;0;0;1
расстановка;0;0;1
варвар;0;1;0
addtoquickaccesstoolbar;0;0;1
imperium;0;1;0
color;0;0;1
борьба;0;4;0
специальный;0;0;11
a8ab5<5;0;2;0
сантиметр;0;0;1
=>@<;0;1;0
список:;0;0;1
a2>9ab20:;0;0;2
действовать;0;0;1
раб;0;7;0
впоследствии;0;1;0
смерд;0;1;0
потом;0;0;2
внутренний;0;3;0
анализ;3;2;0
splitcontainer;0;0;1
княжество;0;2;0
phones;0;0;2
пространственно;2;0;0
8;0;32;11
длительный;0;2;0
непременный;0;1;0
setсвойство;0;0;1
продажа;0;1;0
affectsmeasure:;0;0;1
вебстраничка;0;0;1
75<5l=k9;0;1;0
vi;0;1;0
singlethread;0;0;1
refresh;0;0;1
:>@>o;0;2;0
параметра:;0;0;1
дата;0;0;1
>b@01>b>g=0o;0;1;0
периэк;0;1;0
учитываться;0;0;2
@54h5ab25==8:>2;0;1;0
5==ke;0;1;0
экстраординарный;0;2;0
цель;0;1;3
>a2oi02h8eao;0;1;0
columndefinitions:;0;0;1
:0b53>@8o;0;1;0
обязать;0;2;0
wf;0;0;1
26;0;1;0
видеокарта;0;0;2
=0720==ke;0;0;1
пароль;0;0;1
5@5e>48;0;1;0
заключённый;0;1;0
подтверждать;0;1;0
никуда;1;0;0
социальнокультурный;0;1;0
сибирь;0;1;0
переобучить;1;0;0
прокрутка;0;0;8
:05=40@5;0;0;2
хранить;0;0;9
:05=40@o;0;0;1
справедливость;0;1;0
заполнять;0;0;1
xiiixv;0;1;0
>1040ni0o;0;1;0
классsetсвойство;0;0;1
n@848g5a:89;0;1;0
2a5;0;1;3
закрыть;0;0;1
задание;3;0;0
зависимостей:;0;0;2
window:;0;0;1
быть;5;10;56
