Слово;Реальная частота;Ципф
в;449;449
и;360;225
;179;150
на;158;113
элемент;147;90
–;144;75
свойство;142;65
с;142;57
для;120;50
который;119;45
мы;107;41
не;84;38
по;74;35
если;73;33
быть;72;30
то;72;29
дать;68;27
значение;66;25
как;65;24
или;63;23
это;63;22
при;62;21
от;61;20
мочь;60;19
один;59;18
класс;58;18
а;57;17
он;56;17
весь;56;16
команда;54;15
к;53;15
они;53;15
;51;14
этот;49;14
иметь;48;13
2;46;13
управление;45;13
что;45;12
например;44;12
wpf;43;12
8;43;11
помощь;42;11
приложение;41;11
являться;40;11
из;40;10
другой;38;10
представлять;38;10
также;37;10
строка;36;10
использовать;35;9
тот;32;9
можно;32;9
чтобы;32;9
интерфейс;32;9
объект;32;9
зависимость;30;9
тип;30;8
использоваться;28;8
так;28;8
метод;28;8
код;27;8
есть;25;8
такой;25;8
два;25;8
контейнер;24;7
определённый;24;7
надо;24;7
до;24;7
параметр;23;7
век;23;7
но;22;7
изображение;22;7
нейрон;22;7
свой;22;7
себя;21;6
кнопка;21;6
только;21;6
связь;21;6
о;21;6
каждый;20;6
случай;20;6
процесс;20;6
компоновка;20;6
текст;20;6
единица;19;6
же;19;6
более;19;6
курс;19;6
вы;19;6
система;19;5
xaml;19;5
группа;19;5
князь;19;5
привязка;18;5
высота;18;5
true;18;5
окно;18;5
за;18;5
форма;18;5
язык;18;5
умолчание;17;5
столбец;17;5
у;17;5
установить;17;5
файл;17;5
человек;17;5
=0;17;5
содержимое;17;5
несколько;16;5
часть;16;5
ряд;16;5
позволять;16;5
хозяйство;16;4
власть;16;4
размер;15;4
время;15;4
задать;15;4
следующий;15;4
бы;15;4
название;15;4
общий;15;4
вид;15;4
создание;15;4
государство;15;4
установка;14;4
изменение;14;4
затем;14;4
между;14;4
оно;14;4
модель;14;4
результат;14;4
база;14;4
римский;14;4
указывать;13;4
нужно;13;4
ширина;13;4
поэтому;13;4
применяться;13;4
имя;13;4
набор;13;4
территория;13;4
общество;13;4
тд;13;4
нэ;13;4
находиться;12;4
качество;12;4
столбцы;12;4
обычный;12;4
высокий;12;4
решение;12;3
использование;12;3
данный;12;3
нейронный;12;3
сеть;12;3
связанный;12;3
социальный;12;3
равный;11;3
содержимый;11;3
после;11;3
определять;11;3
состоять;11;3
создать;11;3
разный;11;3
переменный;11;3
однако;11;3
действие;11;3
различный;11;3
число;11;3
специальный;11;3
основа;11;3
государственный;11;3
древний;11;3
община;11;3
развитие;11;3
русь;11;3
год;11;3
право;11;3
a;11;3
>b;11;3
текстовый;11;3
id;11;3
культура;11;3
работа;10;3
пиксель;10;3
самый;10;3
задавать;10;3
некоторый;10;3
выше;10;3
добавить;10;3
принимать;10;3
уже;10;3
сам;10;3
новый;10;3
она;10;3
задача;10;3
представить;10;3
пользователь;10;3
графический;10;3
включать;10;3
под;10;3
знать;10;3
слой;10;3
возможность;10;3
глава;10;3
программа;10;3
c#;10;3
политический;10;3
;10;3
процедура;10;3
sql;10;3
пол;10;3
полис;10;3
устройство;9;3
кроме;9;3
разметка;9;3
вложить;9;3
информация;9;3
определение;9;3
создавать;9;3
windows;9;3
пример;9;3
три;9;3
где;9;3
сделать;9;3
структура;9;2
ещё;9;2
добавлять;9;2
получить;9;2
хороший;9;2
период;9;2
всего;9;2
выполнять;9;2
net;9;2
хранить;9;2
статический;9;2
внутри;9;2
называться;9;2
народ;9;2
земля;9;2
дань;9;2
научный;9;2
получать;9;2
графика;9;2
проект;9;2
server;9;2
необходимый;8;2
стандартный;8;2
наиболее;8;2
определить;8;2
образ;8;2
источник;8;2
наш;8;2
относиться;8;2
наука;8;2
прокрутка;8;2
платформа;8;2
дерево;8;2
передаваться;8;2
урок;8;2
последний;8;2
вызываться;8;2
четыре;8;2
пространство;8;2
декларативный;8;2
совокупность;8;2
термин;8;2
член;8;2
сословие;8;2
место;8;2
население;8;2
>;8;2
88;8;2
0b;8;2
событие;8;2
встроить;8;2
нажать;8;2
обновление;8;2
гражданин;8;2
рим;8;2
простой;7;2
координата;7;2
3;7;2
таблица;7;2
здесь;7;2
обычно;7;2
доступный;7;2
увидеть;7;2
сплитер;7;2
хотя;7;2
важный;7;2
устанавливаться;7;2
проходить;7;2
поддержка;7;2
уровень;7;2
directx;7;2
речь;7;2
функция;7;2
textblock;7;2
устанавливать;7;2
валидация;7;2
должный;7;2
логика;7;2
родовой;7;2
собственность;7;2
основать;7;2
племя;7;2
организация;7;2
предполагать;7;2
раб;7;2
титул;7;2
вотчина;7;2
золотой;7;2
поместье;7;2
др;7;2
1k;7;2
87;7;2
вместе;7;2
принцип;7;2
конкретный;7;2
кисть;7;2
1c45b;7;2
меню;7;2
шрифт;7;2
возвращать;7;2
атрибут;7;2
ms;7;2
этнос;7;2
установленный;6;2
точка;6;2
*;6;2
дюйм;6;2
верхний;6;2
немой;6;2
управлять;6;2
grid;6;2
равно;6;2
область;6;2
соответственно;6;2
отображать;6;2
сложный;6;2
подбор;6;2
наличие;6;2
отображаться;6;2
компонент;6;2
визуализация;6;2
чем;6;2
классификация;6;2
далее;6;2
ресурс;6;2
отличие;6;2
соответствовать;6;2
правило;6;2
нужный;6;2
существовать;6;2
работать;6;2
происхождение;6;2
ранний;6;2
эпоха;6;2
род;6;2
объединить;6;2
общественный;6;2
отдельный;6;2
—;6;2
царь;6;2
холоп;6;2
феодальный;6;2
русский;6;2
поздний;6;2
документ;6;2
xv;6;2
боярский;6;2
феодал;6;2
004=>9;6;2
0b;6;2
4o;6;2
реальный;6;2
цвет;6;2
узел;6;2
обработчик;6;2
стать;6;2
видео;6;2
страница;6;2
момент;6;2
богатый;6;2
ввод;6;2
взаимодействовать;6;2
новое;6;2
просто;6;2
прикреплять;6;2
обладать;6;2
реализовать;6;2
курсор;6;2
запись;6;2
подключение;6;2
штрих;6;2
должность;6;2
делегат;6;2
археологический;6;2
самоназвание;6;2
клиент;6;2
указать;5;2
граница;5;2
1;5;2
разрешение;5;2
помогать;5;2
ячейка;5;2
height;5;2
полоса;5;2
winforms;5;2
маленький;5;2
width;5;2
путём;5;2
очень;5;2
изменять;5;2
phone;5;2
множество;5;2
идти;5;2
подобный;5;2
схема;5;2
представление;5;2
выглядеть;5;2
перед;5;2
анализ;5;2
особенность;5;2
проверка;5;2
прохождение;5;2
шаг;5;2
студент;5;2
день;5;2
балл;5;2
дело;5;2
api;5;2
входить;5;2
библиотека;5;2
явный;5;2
входной;5;2
внимание;5;2
найти;5;2
особый;5;2
жить;5;2
коллектив;5;2
обозначение;5;2
существование;5;2
переход;5;2
военный;5;2
новгород;5;2
потомок;5;2
республика;5;2
конец;5;1
россия;5;1
орда;5;1
великое;5;1
вопрос;5;1
правитель;5;1
натуральный;5;1
предел;5;1
=5;5;1
>b;5;1
:>b>@k5;5;1
развиваться;5;1
знание;5;1
условие;5;1
деятельность;5;1
устойчивый;5;1
прошлое;5;1
imagebrush;5;1
режим;5;1
viewbox;5;1
предыдущий;5;1
solidcolorbrush;5;1
нажатие;5;1
инструмент;5;1
mainwindowxaml;5;1
клавиш;5;1
материал;5;1
ввести;5;1
доступ;5;1
отрисовка;5;1
через;5;1
когда;5;1
выделить;5;1
выполняться;5;1
теперь;5;1
xml;5;1
раз;5;1
price;5;1
0;5;1
window;5;1
комплекс;5;1
общность;5;1
племенной;5;1
гражданский;5;1
коэффициент;5;1
независимый;4;1
canvas;4;1
левый;4;1
какой;4;1
перемещение;4;1
тогда;4;1
горизонтальный;4;1
происходить;4;1
список;4;1
панель;4;1
настроить;4;1
сначала;4;1
коллекция;4;1
добавление;4;1
попробовать;4;1
следовать;4;1
всегда;4;1
люба;4;1
random;4;1
легко;4;1
forest;4;1
предсказание;4;1
проблема;4;1
важность;4;1
давать;4;1
возможный;4;1
даже;4;1
отметить;4;1
автоматически;4;1
поддерживать;4;1
клавиатура;4;1
40;4;1
предсказать;4;1
интеграция;4;1
предоставлять;4;1
большинство;4;1
либо;4;1
собственно;4;1
рисунок;4;1
расположение;4;1
наблюдение;4;1
способ;4;1
пойти;4;1
больший;4;1
активационный;4;1
вычисление;4;1
остальной;4;1
слева;4;1
поль;4;1
допустимый;4;1
изменить;4;1
ссылка;4;1
без;4;1
диапазон;4;1
влиять;4;1
называть;4;1
служить;4;1
пользовательский;4;1
технология;4;1
отношение;4;1
существующий;4;1
самоуправление;4;1
формирование;4;1
исторический;4;1
вера;4;1
возникнуть;4;1
брак;4;1
религиозный;4;1
производитель;4;1
жизнь;4;1
земледелие;4;1
псков;4;1
закон;4;1
принадлежать;4;1
земельный;4;1
основный;4;1
xiv;4;1
зависимый;4;1
налог;4;1
свободный;4;1
древнерусский;4;1
вече;4;1
мир;4;1
вождь;4;1
традиционный;4;1
>a5;4;1
2a5;4;1
f5@:28;4;1
@>b82;4;1
версия;4;1
история;4;1
отличаться;4;1
цель;4;1
заполнитель;4;1
создаваться;4;1
ося;4;1
пункт;4;1
объявление;4;1
друг;4;1
необходимость;4;1
наследоваться;4;1
textbox;4;1
рассмотреть;4;1
button;4;1
обратить;4;1
сохранить;4;1
центр;4;1
тема;4;1
вводить;4;1
выражение;4;1
любой;4;1
трёхмерный;4;1
занимать;4;1
представитель;4;1
конвертер;4;1
символ;4;1
сходный;4;1
семья;4;1
языковой;4;1
борьба;4;1
войско;4;1
магистратура;4;1
плебей;4;1
патриция;4;1
город;4;1
патрон;4;1
условный;3;1
canvasleft;3;1
canvastop;3;1
96;3;1
тоже;3;1
сторона;3;1
эффективно;3;1
янв.96;3;1
масштабироваться;3;1
нуль;3;1
dpi;3;1
относительно;3;1
ниже;3;1
количество;3;1
задаваться;3;1
хотеть;3;1
дополнительный;3;1
получиться;3;1
разработчик;3;1
тем;3;1
открывать;3;1
stretch;3;1
выравнивание;3;1
false;3;1
horizontalalignment;3;1
вертикальный;3;1
gridsplitter;3;1
соответствующий;3;1
сразу;3;1
привести;3;1
визуальный;3;1
вести;3;1
обновить;3;1
отображение;3;1
listview;3;1
удалять;3;1
унаследовать;3;1
data;3;1
изменяться;3;1
особенно;3;1
удобный;3;1
одинаковый;3;1
обучение;3;1
осуществляться;3;1
среди;3;1
начало;3;1
нет;3;1
активность;3;1
решить;3;1
успешно;3;1
знакомый;3;1
набрать;3;1
большой;3;1
ли;3;1
задание;3;1
выполнение;3;1
обработка;3;1
управляемый;3;1
базовый;3;1
вне;3;1
language;3;1
рендеринг;3;1
вычислительный;3;1
взаимодействие;3;1
низкоуровневый;3;1
основной;3;1
состав;3;1
получение;3;1
выходной;3;1
числовой;3;1
решающий;3;1
ошибка;3;1
складываться;3;1
немного;3;1
преимущество;3;1
организовать;3;1
производить;3;1
обязательный;3;1
необязательный;3;1
дробный;3;1
применительно;3;1
анимация;3;1
конструктор;3;1
благодаря;3;1
экран;3;1
непосредственно;3;1
познакомиться;3;1
применение;3;1
определяться;3;1
уходить;3;1
функциональность;3;1
перейти;3;1
инициализация;3;1
связать;3;1
application;3;1
прежде;3;1
опять;3;1
над;3;1
финальный;3;1
строить;3;1
скотоводство;3;1
человеческий;3;1
сфера;3;1
соседский;3;1
политогенез;3;1
производство;3;1
изучение;3;1
орган;3;1
семейство;3;1
доисторический;3;1
бог;3;1
предмет;3;1
керамика;3;1
средство;3;1
становление;3;1
принять;3;1
сверхъестественный;3;1
материальный;3;1
первобытный;3;1
взгляд;3;1
крупный;3;1
киевский;3;1
рюрик;3;1
сбор;3;1
господствующий;3;1
выход;3;1
xviii;3;1
старший;3;1
xiii;3;1
московский;3;1
теория;3;1
x;3;1
составлять;3;1
землевладение;3;1
фактически;3;1
народный;3;1
х;3;1
фамилия;3;1
династия;3;1
признак;3;1
княжеский;3;1
подсистема;3;1
считаться;3;1
производиться;3;1
роль;3;1
феодализм;3;1
a5=l>@;3;1
75<5l=ke;3;1
=59;3;1
22;3;1
5i5;3;1
g0abl;3;1
:0:;3;1
:;3;1
8;3;1
>4=>;3;1
@8;3;1
ab@0=0e;3;1
a@548;3;1
5@8>4;3;1
;3;1
b>l:>;3;1
70;3;1
d5>40l=>9;3;1
b5@@8b>@88;3;1
2;3;1
75<8;3;1
75<8;3;1
прошлый;3;1
явление;3;1
например:;3;1
миф;3;1
применять;3;1
background;3;1
остаться;3;1
drawingbrush;3;1
начальный;3;1
пока;3;1
фон;3;1
повторяться;3;1
цвета;3;1
прямоугольник;3;1
click;3;1
<>65b;3;1
m5<5=b;3;1
a>1kb8o;3;1
причём;3;1
groupbox;3;1
menuitem;3;1
гораздо;3;1
делать;3;1
посвятить;3;1
тест;3;1
10;3;1
навигация;3;1
ускорение;3;1
мышь;3;1
поток;3;1
отвечать;3;1
метка;3;1
шаблон;3;1
uielement;3;1
иерархия;3;1
предлагать;3;1
properties;3;1
поговорить;3;1
различаться;3;1
пришлый;3;1
про;3;1
25;3;1
состояние;3;1
вниз;3;1
быстрый;3;1
вызов;3;1
производный;3;1
выступать;3;1
открыть;3;1
переместить;3;1
routedcommand;3;1
вызывать;3;1
выделение;3;1
предназначить;3;1
главный;3;1
загрузка;3;1
adapterupdate;3;1
datagrid;3;1
подробно;3;1
широкий;3;1
учитывать;3;1
грид;3;1
подключать;3;1
выбрать;3;1
entity;3;1
правый;3;1
лишь;3;1
framework;3;1
40b;3;1
calendar;3;1
40bc;3;1
2k45o5b;3;1
>b>1@0605b;3;1
b5:ci53>;3;1
inkcanvas;3;1
стилус;3;1
рисование;3;1
появиться;3;1
завоевать;3;1
середина;3;1
рука;3;1
страна;3;1
баскак;3;1
единый;3;1
монгольский;3;1
участвовать;3;1
сложиться;3;1
удел;3;1
крестьянин;3;1
наместник;3;1
хан;3;1
владелец;3;1
суд;3;1
роды;3;1
владение;3;1
проживание;3;1
служба;3;1
измерение;3;1
"background=""red""";3;1
запустить;3;1
ключик;3;1
title;3;1
запуск;3;1
срабатывать;3;1
вдруг;3;1
начинать;3;1
выводить;3;1
textwrapping;3;1
форматирование;3;1
textallignment;3;1
фокус;3;1
маска;3;1
жизненный;3;1
социальноэкономический;3;1
самосознание;3;1
распространить;3;1
внутренний;3;1
совет;3;1
этнический;3;1
правление;3;1
полномочие;3;1
i;3;1
неограниченный;3;1
основное;3;1
легион;3;1
полноправный;3;1
император;3;1
ii;3;1
сенат;3;1
v;3;1
вольноотпущенник;3;1
эллин;3;1
древность;3;1
империя;3;1
первоначально;3;1
цивилизация;3;1
content;3;1
сколько;2;1
125;2;1
120;2;1
размещение;2;1
масштабирование;2;1
gridrow;2;1
позиция;2;1
тег;2;1
необязательно;2;1
gridcolumnspan;2;1
итог;2;1
функциональный;2;1
разделитель;2;1
суть;2;1
итак;2;1
вопервое;2;1
наподобие;2;1
поместить;2;1
заполнять;2;1
древовидный;2;1
listbox;2;1
dataview;2;1
вообще;2;1
потом;2;1
достаточно;2;1
decision;2;1
причинноследственный;2;1
выбор;2;1
смотреть;2;1
почти;2;1
понять;2;1
первое;2;1
science;2;1
tree;2;1
хорошо;2;1
клавиша;2;1
scrollviewer;2;1
видно;2;1
дальнейший;2;1
считать;2;1
правильно;2;1
закончить;2;1
гипотеза;2;1
6184;2;1
практический;2;1
построение;2;1
функционал;2;1
описывать;2;1
managed;2;1
direct3d;2;1
unmanaged;2;1
реализация;2;1
уровня:;2;1
компонента;2;1
среда;2;1
операционный;2;1
говориться;2;1
понимать;2;1
разнообразный;2;1
граф;2;1
поступать;2;1
направо;2;1
потрясающе;2;1
алгоритм;2;1
вес;2;1
оптимальный;2;1
получаться;2;1
проверять;2;1
варьироваться;2;1
умножать;2;1
полностью;2;1
вкратце;2;1
предсказывать;2;1
1ий;2;1
соединить;2;1
ребро;2;1
эффективный;2;1
пространственно;2;1
пройти;2;1
подход;2;1
процессироваться;2;1
временной;2;1
оторвать;2;1
вершина;2;1
величина;2;1
понятно;2;1
оказаться;2;1
тестовый;2;1
машинный;2;1
2ий;2;1
обговорить;2;1
property;2;1
настройка;2;1
конфигурация;2;1
static;2;1
двусторонний;2;1
frameworkpropertymetadata;2;1
зависимостей:;2;1
суффикс;2;1
public;2;1
сохраняться;2;1
владеть;2;1
регистрация;2;1
fontsize;2;1
учитываться;2;1
coercevaluecallback:;2;1
минимальный;2;1
растяжение;2;1
нежелательно;2;1
визуально;2;1
польза;2;1
закодировать;2;1
сжатие;2;1
максимально;2;1
возможно;2;1
максимальный;2;1
гдеть;2;1
позиционирование;2;1
позиционировать;2;1
жёстко;2;1
частью;2;1
markup;2;1
html;2;1
baml;2;1
studio;2;1
именно;2;1
visual;2;1
родство;2;1
поведение;2;1
раздел;2;1
рамка;2;1
политика;2;1
нижний;2;1
распространение;2;1
первичный;2;1
степень;2;1
удовлетворение;2;1
потребность;2;1
архантроп;2;1
растение;2;1
тело;2;1
заниматься;2;1
предписание;2;1
иной;2;1
англ;2;1
кровнородственный;2;1
появление;2;1
ремесло;2;1
верховный;2;1
природный;2;1
вступать;2;1
природа;2;1
институт;2;1
движение;2;1
родственник;2;1
изучать;2;1
разряд;2;1
охота;2;1
обработать;2;1
район;2;1
денежный;2;1
дружинник;2;1
наследство;2;1
дом;2;1
дума;2;1
церковь;2;1
варяг;2;1
продукт;2;1
средневековый;2;1
ведать;2;1
труд;2;1
заметить;2;1
удельный;2;1
2;2;1
норманн;2;1
известный;2;1
двор;2;1
постепенно;2;1
течение;2;1
характер;2;1
рента;2;1
повинность;2;1
полный;2;1
xvixvii;2;1
обмен;2;1
ix;2;1
собрание;2;1
земеля;2;1
наследственный;2;1
административный;2;1
дружина;2;1
платить;2;1
монастырский;2;1
облагаться;2;1
имение;2;1
судебный;2;1
иван;2;1
являются:;2;1
оброк;2;1
взимание;2;1
христианство;2;1
попадать;2;1
пора;2;1
рынок;2;1
нач;2;1
родоплеменной;2;1
государственность;2;1
княжество;2;1
господство;2;1
язычество;2;1
война;2;1
боярин;2;1
d5>40>2;2;1
3>@>40;2;1
a@54=525:>2>5;2;1
2@>k;2;1
7028a8<ke;2;1
=5<;2;1
ac61k;2;1
=5a5=8o;2;1
a>1ab25==8:;2;1
a8ab5<5;2;1
1kbl;2;1
0;2;1
:@5ablo=;2;1
>a=>25;2;1
4>;2;1
25@>cg5=85;2;1
b@c4;2;1
8<a:>9;2;1
a<ka5;2;1
d5>400<8;2;1
>b=>h5=8n;2;1
:>b>@>9;2;1
ac61c;2;1
d>@<;2;1
@>7ka:;2;1
ab0@h89;2;1
=388;2;1
25:0;2;1
0=3;2;1
a5=l>@0;2;1
8=25=b0@l;2;1
@020;2;1
:>@>o;2;1
d5>40;2;1
$5>4;2;1
><5=;2;1
1;2;1
@54=525:>2lo;2;1
a5=l>@>2;2;1
"""5@<8=";2;1
b0:;2;1
d@0=f;2;1
3>@>60=;2;1
>ab@>9:8;2;1
:=o7l;2;1
20aa00;2;1
20455f;2;1
2@>k;2;1
2;2;1
@02>;2;1
2@>5;2;1
>74=50b;2;1
>a2>1>645=85;2;1
75<5l=>5;2;1
d5>40l=>3>;2;1
1>55;2;1
:0b>8g5a:>9;2;1
=>;2;1
720=85;2;1
выйти;2;1
30;2;1
экосистема;2;1
46;2;1
методика;2;1
нравственный;2;1
исследовательский;2;1
историзм;2;1
направить;2;1
концепция;2;1
картина;2;1
мифологический;2;1
реальность;2;1
идеология;2;1
приём;2;1
человечество;2;1
мировоззрение;2;1
гуманитарный;2;1
философский;2;1
дисциплина;2;1
учение;2;1
viewport;2;1
формироваться;2;1
вырез;2;1
посмотреть;2;1
внешний;2;1
геометрический;2;1
преобразование;2;1
brush;2;1
градиентный;2;1
пустой;2;1
y;2;1
наследник;2;1
вырезать;2;1
многократно;2;1
foreground;2;1
зеркальный;2;1
край;2;1
заполнить;2;1
назначение;2;1
вариант;2;1
плавный;2;1
заполнение;2;1
образоваться;2;1
@o4;2;1
cab0=>25=>;2;1
:0aa0;2;1
:=>:8;2;1
=060b8o;2;1
b>;2;1
>1@01>bg8:;2;1
:>b>@ke;2;1
@54ab025=k;2;1
true;2;1
mb>9;2;1
>@5458bl;2;1
:>45;2;1
a2>9ab2>;2;1
=060b88;2;1
7=0g5=8o;2;1
8<55b;2;1
:=>:0;2;1
2k7k20blao;2;1
;2;1
isdefault;2;1
repeatbutton;2;1
заголовок;2;1
скрытый;2;1
contentcontrol;2;1
преобразовать;2;1
mainwindowxamlcs;2;1
там;2;1
понятие;2;1
даваться;2;1
неделя;2;1
несмотря;2;1
обсуждение;2;1
ведь;2;1
видеофрагмент;2;1
ставить;2;1
прикрепить;2;1
индивидуальный;2;1
форум;2;1
видеть;2;1
формат;2;1
рекомендация;2;1
«вправо»;2;1
туда;2;1
механизм;2;1
наследование;2;1
control;2;1
отслеживать;2;1
fontweight;2;1
label;2;1
richtextbox;2;1
согласно;2;1
сжимать;2;1
102;2;1
выжить;2;1
вероятность;2;1
+;2;1
>;2;1
пассажир;2;1
/;2;1
захотеть;2;1
age;2;1
половина;2;1
<=;2;1
command;2;1
execute;2;1
лента;2;1
прокрутить;2;1
хранение;2;1
копировать;2;1
остановить;2;1
отменить;2;1
вверх;2;1
new;2;1
мультимедиа;2;1
объесть;2;1
охватывать;2;1
печать;2;1
icommand;2;1
уменьшить;2;1
потребоваться;2;1
копирование;2;1
объединяться;2;1
насыщенный;2;1
простейшее;2;1
ключевой;2;1
видеокарта;2;1
процессор;2;1
аппаратный;2;1
ос;2;1
vbnet;2;1
sqlвыражение;2;1
редактировать;2;1
бд;2;1
express;2;1
удаление;2;1
добавляться;2;1
name;2;1
сервер;2;1
генерация;2;1
подключаться;2;1
прийтись;2;1
поскольку;2;1
стиль;2;1
ограничение;2;1
комбинировать;2;1
производительность;2;1
стоить;2;1
понятный;2;1
график;2;1
вместо;2;1
задействовать;2;1
контекстный;2;1
пусть;2;1
вначале;2;1
dbsavechanges;2;1
>;2;1
40b;2;1
7=0g5=89:;2;1
=060b8n;2;1
=5a:>l:>;2;1
ctrl;2;1
selectionmode;2;1
a2>9ab20:;2;1
:05=40@5;2;1
>a54>20b5l=>;2;1
datepicker;2;1
c<>g0=8n;2;1
a2>9ab2;2;1
40bk;2;1
84ci8e;2;1
3>40;2;1
a54cni8e;2;1
0405b;2;1
7=0g5=85;2;1
@8=8<0bl;2;1
2845;2;1
перечисление;2;1
жест;2;1
стирание;2;1
исключение;2;1
выборный;2;1
норма;2;1
посадник;2;1
выдаваться;2;1
ярлык;2;1
избираться;2;1
появляться;2;1
iii;2;1
xivxvi;2;1
воин;2;1
городской;2;1
обязать;2;1
участие;2;1
знатный;2;1
северный;2;1
судебник;2;1
верхушка;2;1
иметься;2;1
company;2;1
целое;2;1
2014;2;1
цена;2;1
phones;2;1
идентификатор;2;1
строковый;2;1
int;2;1
значит;2;1
абстрактный;2;1
этап;2;1
validatevaluecallback;2;1
смысл;2;1
небольшой;2;1
затруднение;2;1
подобно;2;1
appxaml;2;1
alt;2;1
подчёркивание;2;1
перенести;2;1
вывод;2;1
перевести;2;1
"""п""";2;1
"textwrapping=""wrap""";2;1
орфография;2;1
lineheight;2;1
textdecorations;2;1
парольный;2;1
остаток;2;1
шнуровой;2;1
земледелец;2;1
пашенный;2;1
оленевод;2;1
взаимосвязь;2;1
географический;2;1
тундра;2;1
исторически;2;1
употреблять;2;1
межпоколенный;2;1
типичный;2;1
длительный;2;1
местность;2;1
ямный;2;1
памятник;2;1
совместный;2;1
уклад;2;1
хозяйственнокультурный;2;1
черта;2;1
смена;2;1
коллективный;2;1
отличительный;2;1
экзоэтноним;2;1
кочевой;2;1
экономический;2;1
наряду;2;1
делиться;2;1
срок;2;1
э;2;1
сенатор;2;1
акрополь;2;1
греческий;2;1
латифундия;2;1
полисный;2;1
консул;2;1
греция;2;1
италия;2;1
отпустить;2;1
античный;2;1
назначаться;2;1
принципат;2;1
обязанность;2;1
ребёнок;2;1
аристократия;2;1
провинция;2;1
всадник;2;1
экстраординарный;2;1
сельскохозяйственный;2;1
диктатор;2;1
магистрат;2;1
республиканский;2;1
коренной;2;1
колон;2;1
агон;2;1
формально;2;1
нобилитет;2;1
азия;2;1
орошение;2;1
деспотия;2;1
восток;2;1
конфуцианство;2;1
вождество;2;1
духовный;2;1
китай;2;1
наследовать;2;1
физический;1;1
canvasright;1;1
угол;1;1
насколько;1;1
=;1;1
/96;1;1
монитор;1;1
canvasbottomcanvastop;1;1
dpi=;1;1
точный;1;1
rowdefinition;1;1
закрывать;1;1
прописать;1;1
3х3;1;1
gridrowspan;1;1
гридь;1;1
gridcolumn;1;1
columndefinition;1;1
мощный;1;1
напоминать;1;1
rowdefinitions;1;1
часто;1;1
растянуть;1;1
примере:;1;1
columndefinitions:;1;1
помещать;1;1
сплиттер;1;1
завершиться;1;1
разделительный;1;1
gride;1;1
регулировать;1;1
отделять;1;1
auto;1;1
изначально;1;1
папка;1;1
сдвиг;1;1
showspreview;1;1
проекция;1;1
проводник;1;1
verticalalignment;1;1
splitcontainer;1;1
itemssource;1;1
списковый;1;1
обновлять;1;1
gridviewcolumn;1;1
listviewitemsadd;1;1
конструкторе:;1;1
сработать;1;1
header;1;1
view;1;1
непосредственный;1;1
напрямую;1;1
список:;1;1
привязать;1;1
displaymemberbinding;1;1
путь;1;1
интересно;1;1
engineering;1;1
вытащить;1;1
пытаться;1;1
eda;1;1
information;1;1
так:;1;1
эксплоративный;1;1
фй;1;1
feature;1;1
выявить;1;1
корреляция;1;1
извлечь;1;1
примерный;1;1
gain;1;1
допустить;1;1
скореллированность;1;1
нетривиальный;1;1
длинный;1;1
осуществление;1;1
случайно;1;1
сплит;1;1
равноценный;1;1
усилие;1;1
предобработка;1;1
исходный;1;1
cancontentscroll;1;1
auto:;1;1
значений:;1;1
disabled:;1;1
hidden:;1;1
horizontalscrollbarvisibility;1;1
verticalscrollbarvisibility;1;1
visible:;1;1
невозможный;1;1
скорее;1;1
январь;1;1
описание;1;1
онлайн;1;1
2018;1;1
2019;1;1
май;1;1
подкрепить;1;1
r;1;1
исследовать;1;1
храниться;1;1
прогноз;1;1
смочь;1;1
подробный;1;1
модуль;1;1
частность;1;1
milcoredll:;1;1
компонентов:;1;1
прочуять;1;1
разбиваться;1;1
presentationcoredll:;1;1
directx:;1;1
common;1;1
presentationframeworkdll:;1;1
apiинтерфейс;1;1
с/с++;1;1
обеспечивать;1;1
вспомогательный;1;1
неуправляемый;1;1
написать;1;1
вышележащий;1;1
трансляция;1;1
presentationframeworkdll;1;1
windowscodecsdll:;1;1
windowsbasedll:;1;1
продолжать;1;1
runtime;1;1
исполняемый;1;1
user32dll;1;1
общеязыковой;1;1
произвоить;1;1
затрата;1;1
вдобавок;1;1
требовать;1;1
скорость;1;1
расстояние;1;1
почему;1;1
обучать;1;1
подходить;1;1
формула;1;1
проработать;1;1
популяция;1;1
причина;1;1
нейроэволюция;1;1
ml;1;1
чёткий;1;1
искать;1;1
успешность;1;1
рассчитывать;1;1
аналитический;1;1
успешный;1;1
топология;1;1
параметров:;1;1
textproperty;1;1
affectsparentmeasure:;1;1
inherits:;1;1
именование;1;1
опустить;1;1
родительский;1;1
перерисовываться;1;1
подхватываетий;1;1
журналироваться;1;1
string;1;1
соглашение;1;1
допустимость;1;1
довольно;1;1
affectsparentarrange:;1;1
affectsarrange:;1;1
affectsmeasure:;1;1
subpropertiesdonotaffectrender:;1;1
публичный;1;1
роительск;1;1
"""text""";1;1
пять;1;1
корректироваться;1;1
isnotdatabindable:;1;1
dependencypropertyregister;1;1
подсвойство;1;1
isanimationprohibited:;1;1
affectsrender:;1;1
journal:;1;1
systemwindowsdependencyproperty;1;1
какоеть;1;1
defaultvalue:;1;1
bindstwowaybydefault:;1;1
propertychangedcallback:;1;1
остановиться;1;1
dockpanel;1;1
добиться;1;1
"дизайна""";1;1
обращать;1;1
контейнеры:;1;1
принципов:;1;1
дочерний;1;1
прерогатива;1;1
осуществлять;1;1
вебсайт;1;1
вкладывать;1;1
фреймворк;1;1
располагаться;1;1
незаполненный;1;1
перечисленный;1;1
столь;1;1
наглядный;1;1
придерживаться;1;1
предпочтительный;1;1
поразному:;1;1
удобно;1;1
хватать;1;1
худой;1;1
масштабировать;1;1
uniformgrid;1;1
всецело;1;1
всякий;1;1
пустота;1;1
tabpanel;1;1
калькулятор;1;1
"""резиновый";1;1
расстановка;1;1
исключенить;1;1
stackpanel;1;1
распределить;1;1
красивый;1;1
layout;1;1
wrappanel;1;1
ресайза;1;1
шероховатость;1;1
полагаться;1;1
всетаки;1;1
специалисты:;1;1
binary;1;1
xamlфайл;1;1
вебпрограммирование;1;1
дизайнер;1;1
неправильно;1;1
dllфайл;1;1
понятность;1;1
повториться;1;1
silverlight;1;1
никак;1;1
преимущества:;1;1
отделить;1;1
говорить;1;1
сборка;1;1
wf;1;1
вобщий;1;1
exe;1;1
сводить;1;1
программист;1;1
встраиваться;1;1
wcf;1;1
компактность;1;1
компилироваться;1;1
компиляция;1;1
бинарный;1;1
extensible;1;1
шире;1;1
автономно;1;1
обходиться;1;1
чаща;1;1
ограничивается:;1;1
нести;1;1
принесение;1;1
политеизм;1;1
взрослый;1;1
дух;1;1
предок;1;1
неолит;1;1
социогенез;1;1
частный;1;1
ритуал;1;1
особа;1;1
примитивный;1;1
общественноэкономический;1;1
символический;1;1
гоминид;1;1
преистория;1;1
эндогамия;1;1
родственный;1;1
человечий;1;1
экзогамия;1;1
выразить;1;1
функций:;1;1
кровно;1;1
существо;1;1
историография;1;1
фетишизм;1;1
праобщина;1;1
изменчивость;1;1
божество;1;1
биологический;1;1
палеолит;1;1
кровный;1;1
тотемизм;1;1
каменный;1;1
заключённый;1;1
prehistory;1;1
жертва;1;1
трудиться;1;1
запрещение;1;1
первобытнообщинный;1;1
продолжительный;1;1
воззрение;1;1
обряд;1;1
сообща;1;1
рыболовство;1;1
анимизм;1;1
мужчина;1;1
возрастной;1;1
образование;1;1
семейнобытов;1;1
антропология;1;1
носитель;1;1
формация;1;1
праистория;1;1
марксистский;1;1
«даров»;1;1
неравенство;1;1
имущество;1;1
надсемейство;1;1
антропогенез;1;1
общинный;1;1
собирательство;1;1
житель;1;1
неодушевлённый;1;1
инициация;1;1
присваивать;1;1
стихия;1;1
производственный;1;1
испытание;1;1
душить;1;1
животное;1;1
культовый;1;1
мифология;1;1
дохристианский;1;1
верование;1;1
погост;1;1
xiixv;1;1
отрасль;1;1
xiiixv;1;1
дым;1;1
адменьшиков;1;1
принятие;1;1
заслуга;1;1
побор;1;1
рало;1;1
сей;1;1
отъезд;1;1
умереть;1;1
барятинский;1;1
тяглый;1;1
окончательно;1;1
положение;1;1
гапотемкин;1;1
ольга;1;1
дискуссионный;1;1
сближаться;1;1
историк;1;1
подчёркивать;1;1
противостоять;1;1
заключать;1;1
крепостной;1;1
862;1;1
долгоруков;1;1
современный;1;1
четверть;1;1
покорить;1;1
холопами:;1;1
«феодальный;1;1
репнина;1;1
соль;1;1
1598;1;1
сформулировать;1;1
вассал;1;1
дворянский;1;1
исчисляться;1;1
объезд;1;1
договор;1;1
полюдье;1;1
жаловаться;1;1
оболенский;1;1
неопределённый;1;1
запрещать;1;1
дворцовый;1;1
вытесняться;1;1
xixxx;1;1
собственник;1;1
варяжский;1;1
синоним;1;1
генезис;1;1
европа;1;1
1714;1;1
очаг;1;1
щербатов;1;1
вытеснить;1;1
новгородский;1;1
подать;1;1
проводиться;1;1
древние;1;1
миллер;1;1
горчаков;1;1
вассальносеньориальный;1;1
исполнять;1;1
почётный;1;1
магия;1;1
фиксировать;1;1
править;1;1
славянин;1;1
ixxvii;1;1
переходить;1;1
обрядность;1;1
смерд;1;1
железо;1;1
понимание;1;1
гф;1;1
пригласить;1;1
продажа;1;1
категория;1;1
хvш;1;1
норманнский;1;1
княгиня;1;1
слиться;1;1
хождение;1;1
велик;1;1
землевладелец;1;1
фёдор;1;1
решать;1;1
xxi;1;1
"""русь""";1;1
волконский;1;1
ашлецер;1;1
xi;1;1
убийство;1;1
пленение;1;1
ни;1;1
мвломонос;1;1
xxiv;1;1
классический;1;1
скандинав;1;1
собирательный;1;1
различие;1;1
роскошь;1;1
байер;1;1
xvxvi;1;1
совещательный;1;1
плуг;1;1
лестница»;1;1
призывать;1;1
параллельный;1;1
изгонять;1;1
«уроки»;1;1
близкий;1;1
долг;1;1
авсуворов;1;1
собираться;1;1
противоположный;1;1
холопка;1;1
становиться;1;1
наибольший;1;1
проявление;1;1
товарный;1;1
одоевский;1;1
гз;1;1
крестьянеобщинник;1;1
iххvi;1;1
антинорманист;1;1
надобность;1;1
ab08;1;1
8a:эaab2;1;1
1>55;1;1
03451э@3a:>5;1;1
a3>=;1;1
@54h5ab25==8:>2;1;1
><5abl5;1;1
3>a>48=;1;1
<0@:87;1;1
«2>bg8=0»;1;1
=8e;1;1
2045=85;1;1
@0a@>ab@0=5==0o;1;1
>1o70==>abo<8;1;1
2>7=8:h55;1;1
>b=>h5=89;1;1
=542868<>abl;1;1
302=k<;1;1
>b25b;1;1
b5@<8=;1;1
:0=>=8g5a:>3>;1;1
a>20;1;1
250al;1;1
2;1;1
xix;1;1
5<5=;1;1
a2oi5==>ac68b559;1;1
4@c3;1;1
@0==55;1;1
8=25ab8bc@0;1;1
cg82h89;1;1
7=0=89;1;1
2>5==k<;1;1
d0:clb5b>2;1;1
>ab>g=>9;1;1
d5>40;1;1
>4=>3>;1;1
й@5al;1;1
75<n;1;1
=0a54>20=8o;1;1
@02=ke»;1;1
0b5<;1;1
=5<5f:>3>;1;1
3>@>4a:>5;1;1
@54=525:>2k9;1;1
:@c=ke;1;1
ab0@h8e;1;1
3>a>4ab2cni59;1;1
682>9;1;1
35@<0=a:8e;1;1
b4;1;1
:@5ablo=;1;1
@02;1;1
a0<>c@025=8o;1;1
>:>=g0=8o;1;1
7=0bl;1;1
8<5;1;1
15775<5l=ke;1;1
@>4>28b>abl;1;1
>e20bk20;1;1
=0g00;1;1
3>2>@8bl;1;1
=0a54ab2c;1;1
4><5=;1;1
>10;1;1
5=;1;1
25;1;1
><>il;1;1
8=25=b0@5<;1;1
homo;1;1
a5=l>@c;1;1
3>@>4a:>3>;1;1
f5ln;1;1
"""ъbc";1;1
2045=85;1;1
3@0d;1;1
e>7o9ab25;1;1
3>40<;1;1
g5>25:;1;1
:@c30;1;1
3@ck;1;1
2045=89;1;1
25@e>2=k<;1;1
:>@>==ke;1;1
«%>g5hl;1;1
@8<a:>:0b>8g5a:>9;1;1
e@>=8:8;1;1
d5>40l=>7028a8<>3>;1;1
<548f8=a:89;1;1
4><5=80l=>5;1;1
a020;1;1
h8@>:>;1;1
a5f80l=>ab59;1;1
75<5l=>9;1;1
a>ab02oni8e;1;1
>1040ni0o;1;1
1>3c>bfc;1;1
2045=8o;1;1
3>4>2k5;1;1
a>:@0i5=8n;1;1
1>3>a>2a:89;1;1
1k8;1;1
0@8ab>:@0b88;1;1
d8;1;1
>60>20==>5;1;1
=>@<;1;1
a2o70==ke;1;1
«m@»;1;1
0e>b=ke;1;1
0ab18i0;1;1
d@0=:;1;1
@54ab028b559;1;1
a5:b0=ba:>5;1;1
=:287ъf8o;1;1
8<ci5ab20;1;1
pair;1;1
d0:clb5b5;1;1
dominium;1;1
5=l>@;1;1
annales;1;1
8=>=8<0<8;1;1
>4=8<;1;1
<>3;1;1
senior;1;1
f5@:>2ln;1;1
5<l;1;1
45=56=cn;1;1
>1j548=5=85;1;1
:>@>o;1;1
>1@07><;1;1
a04k;1;1
2>ab>g=ke;1;1
42865=85;1;1
@5=b0;1;1
a2>1у4=ke;1;1
>ab0=>25=8o;1;1
0@b8ab8g5a:><;1;1
2a59;1;1
20aa0l=>9;1;1
687=8;1;1
fief;1;1
a5=l>@k;1;1
4>e>40;1;1
xv;1;1
>1@o4;1;1
<>=0@e;1;1
>38:8;1;1
a0<>c@025=85;1;1
>1kg05<;1;1
a8ab5<k;1;1
e@8ab80=a:8e;1;1
064k9;1;1
87>65=85<;1;1
3=5b0;1;1
>1@5b5=85;1;1
5@5a8;1;1
4805:b8:0;1;1
zeche;1;1
>a:>l:c;1;1
>l7c;1;1
f5><;1;1
f5@:>2ln;1;1
><<c=бl=>5;1;1
75<5l=k5;1;1
20aa08b5b0;1;1
b@51>20=8o;1;1
0=8<0;1;1
4у3<0b>2;1;1
peer;1;1
:>@>59;1;1
ivv;1;1
$@0=f88;1;1
c3=5b5=8o;1;1
35><5b@8o;1;1
87cg08al;1;1
302=k<;1;1
><5abl5;1;1
@>4>608al;1;1
a515;1;1
a>a>1ab2>20;1;1
@54ab02o;1;1
%xiii;1;1
75<5l=0o;1;1
09>@0b;1;1
:ng0;1;1
><5ablo;1;1
a1kb;1;1
704020;1;1
a5=l>@;1;1
@>4ab25==ke;1;1
a0<>ab>ob5l=>5;1;1
g5=0<8;1;1
>@30=870f8>==ke;1;1
@5<5a5==8:>2;1;1
>b:>=oni55ao;1;1
>>68b5l=k9;1;1
@0aa54>20=85;1;1
ac68k5;1;1
><й=;1;1
e>7o9ab2>;1;1
n48;1;1
2>@>a;1;1
15=5d8f89;1;1
09>@бb;1;1
>25f;1;1
theutonicum;1;1
@52@0i08al;1;1
5==ke;1;1
bk;1;1
ac4;1;1
&5=b@0l=>9;1;1
feodum;1;1
>3@0=8g5=8n;1;1
dl5d;1;1
villa;1;1
<04h5<;1;1
:ng00;1;1
ab0@h89;1;1
8ab>g=8:>2;1;1
5@5b8:>2;1;1
>@5455==>3>;1;1
titulus;1;1
>1>7=0g0;1;1
a>f80l=>3>;1;1
a@54=85;1;1
8f;1;1
8<ci5ab25==>3>;1;1
:0:;1;1
>g5b=>5;1;1
f5@:>2=>9;1;1
@>28=f8oe;1;1
>1i8e;1;1
@8>1@5;1;1
1@0;1;1
:@c=k9;1;1
8<5@88;1;1
ac610;1;1
3>@>60=;1;1
a@54=525:>2>9;1;1
major;1;1
a5=l>@88;1;1
hairesis;1;1
8<;1;1
5=5dъf89;1;1
e@8ab80=a:>9;1;1
a5=l>@8o;1;1
lehn;1;1
459ab28o;1;1
f5e0;1;1
874589;1;1
7028a8<>5;1;1
45@60=8o;1;1
8=8ab5@8бk;1;1
d@;1;1
cg80;1;1
dc0;1;1
>:07k20bl;1;1
ministerium;1;1
:cab0@=8:><;1;1
4286й=85;1;1
4@c38<;1;1
b;1;1
103>45o=85;1;1
a>a>2=>3>;1;1
a>1ab25==8:;1;1
>a=>2k;1;1
m@;1;1
@01>b=8:>2;1;1
cg5=85;1;1
53>;1;1
a>1>@k;1;1
@58<ci5ab25==>;1;1
==бk;1;1
villain;1;1
=57028a8<>abl;1;1
g53>;1;1
=5@025=ab20;1;1
682h8e;1;1
>a>15==>;1;1
5@5e>48;1;1
@0==5d5>40l=ke;1;1
gb>;1;1
vassus;1;1
@025=;1;1
8=ke;1;1
<5@b2k9;1;1
a2obke;1;1
b5e;1;1
magdeburgense;1;1
2045lf5<;1;1
a>1>n;1;1
d@;1;1
@58388;1;1
@>872>4ab2>;1;1
:>@>52a:89;1;1
8б=k;1;1
8<5@88;1;1
@07=>284=>abl;1;1
302=0o;1;1
8;1;1
75<5l=k9;1;1
3@0<<0b8:0;1;1
@>b5ab0;1;1
a>f80l=0o;1;1
=55;1;1
708al;1;1
:>=f0;1;1
=0:070=85;1;1
уbg8=0;1;1
8<52h55;1;1
>=>abln;1;1
>15a5g5=8o;1;1
3@0d;1;1
@0a@>ab@0=5==ke;1;1
:ob2c;1;1
5=lу@;1;1
a>1ab25==>abl;1;1
5=0;1;1
701>@0<8;1;1
278<02h0oao;1;1
>1@07>20=85;1;1
d8>a>d88;1;1
d5>40l=k9;1;1
:>ng8<;1;1
@07=k5;1;1
>765;1;1
682ci8e;1;1
@54=525:>2l5;1;1
d>@<0;1;1
>1i5@02>2>9;1;1
a=>20b55<;1;1
:0b53>@8o;1;1
70:>=><;1;1
@02>2ke;1;1
@>4>2>5;1;1
ak=;1;1
@02>;1;1
078g08al;1;1
an75@5=><;1;1
3>@>4>2;1;1
d>@<>9;1;1
%ix;1;1
d5>4;1;1
=5ab8;1;1
>@l10;1;1
jus;1;1
a54ab289;1;1
@0a@>ab@0=82h55ao;1;1
8f>;1;1
>188bйb;1;1
20aa0>2;1;1
45aob0o;1;1
3>a>4a:>5;1;1
a:>b;1;1
a2oi5==8:;1;1
=0a8lab25==k9;1;1
c=825@a8b5b0e;1;1
15=5d8f89;1;1
:>b>@><c;1;1
=5<5f:>5;1;1
<>=>>88;1;1
>l7>20=85;1;1
=0a54ab25==k5;1;1
1k0;1;1
:>=f5;1;1
@o40;1;1
22=m;1;1
inguisitio;1;1
10@a:0o;1;1
beneficium;1;1
:>b>@>3>;1;1
687=5>8a0=85;1;1
0aaб;1;1
<c7k:0;1;1
3@c0;1;1
03451c@30;1;1
:@c=>3>;1;1
c@>60o;1;1
@54ab02o2h8e;1;1
0ab@>=><8o;1;1
h8@>:><;1;1
3>ac40@ab20e;1;1
@02=k9;1;1
o2onbao:;1;1
hagios;1;1
=0455=85;1;1
a>65==k5;1;1
2>7=8:8;1;1
5@540202h8<8ao;1;1
=>@<;1;1
a5=l>@88;1;1
4ce>2=k5;1;1
:@0a82>;1;1
@8acbab2>20bl;1;1
;1;1
ca>28oe;1;1
2>bg8=k;1;1
a60bk<;1;1
>28==>ab8;1;1
artes;1;1
>8b8g5a:85;1;1
>1i8==ke;1;1
><5ab=k5;1;1
2a55=a:8e;1;1
@0ae>4oi8eao;1;1
d5>40;1;1
@0a@>ab@0=5==>5;1;1
б@89;1;1
8@ch:0;1;1
0aa0;1;1
2kah59;1;1
>cg82h55;1;1
cg0ab:><;1;1
d5>4087<0;1;1
@842>@=cn;1;1
05:a0=4@89a:89;1;1
>>65=85;1;1
@0728b>3>;1;1
<>8<;1;1
35@f>3;1;1
@02;1;1
@8b>@8:0;1;1
2>5==>9;1;1
>cg82;1;1
3>@>65==k5;1;1
abc45=b;1;1
40@>2>9;1;1
@5838>7=ke;1;1
8a:caab2»;1;1
8a>l7co;1;1
@028b55<;1;1
a>25b5;1;1
2>bg8=k;1;1
a25ba:>5;1;1
:@5ablo=8=0;1;1
e>7o9ab25==cn;1;1
=>1859;1;1
25@=>ab8;1;1
>1kg=>;1;1
5@540205<>5;1;1
:@5ablo=ab20;1;1
a2>488al;1;1
:0:>981>;1;1
ivvii;1;1
>c:@5ablo=a:89;1;1
>1o70=;1;1
>d8f80l=>9;1;1
@8ao38;1;1
=045>2;1;1
>1>@>2;1;1
e>7o9ab2>;1;1
@020<8;1;1
><5ablo;1;1
d5>40l=>7028a8<ke;1;1
3>@б6820=8o;1;1
homo;1;1
@54ab028b559;1;1
ca>288;1;1
a5=l>@c;1;1
a>b2>@5=;1;1
homage;1;1
a25ba:85;1;1
>1i5ab2>;1;1
>a>1>5;1;1
:@5ablo=45@60b559;1;1
45@60=85;1;1
d5>40;1;1
a2>8;1;1
:0=020<8;1;1
fehuod;1;1
@028l=>;1;1
ac1j5:b>2;1;1
>a=>2=ke;1;1
d5>400;1;1
:@5ablo=a:85;1;1
8=48284c0l=>a5<59=0o;1;1
5aobъ=0;1;1
a>e@0=5=8n;1;1
258;1;1
45@60=89;1;1
@54=85;1;1
g5>25:><»;1;1
@02;1;1
a>1kb89;1;1
42>@o=a:>5;1;1
a2ob>9;1;1
a5й=a:85;1;1
20aa0>2;1;1
a>1ab25==>ab8;1;1
@5838>7=>5;1;1
0:;1;1
>b8g0ni0oao;1;1
10@>=;1;1
>aу285;1;1
>g5@54l;1;1
2kah8e;1;1
45=56=>9;1;1
459ab289;1;1
35@f>3;1;1
@8б=ab2>;1;1
ac40;1;1
feudum;1;1
a>8;1;1
>4g8=5=88;1;1
42>@o=ab20:;1;1
immunitas;1;1
20aa0c:;1;1
>b@01>b>g=0o;1;1
@02>a02=>9;1;1
@54=525:>2l5:;1;1
яю38>3@бd8o;1;1
b5g5=89;1;1
b0:65;1;1
n@848g5a:89;1;1
=07k20ao;1;1
<5:8<;1;1
ca04l10;1;1
>b@0a59;1;1
3@5g;1;1
septem;1;1
>4=0;1;1
2>5==cn;1;1
@8=>a88;1;1
$5>4б;1;1
0@8d<5b8:0;1;1
8b5@0bc@5;1;1
04<8=8ab@0b82=cn;1;1
70:@55==k<8;1;1
@828538n;1;1
0=3;1;1
2045lf0<;1;1
<<б6;1;1
@c:8;1;1
a>2>:c=>abl;1;1
a>1@0=8o;1;1
:0b>8g5a:>9;1;1
7040g8;1;1
4>6=>abl;1;1
a>1ab25==k<;1;1
=0g05;1;1
@01>b02h53>;1;1
2045=89;1;1
%@8ab>a;1;1
8<52h8e;1;1
б@i8=0;1;1
>1@07;1;1
a>ab>o>;1;1
103>@>4=>5;1;1
@542>48b55<;1;1
42>@o=ab2>;1;1
a>a>289;1;1
%ii;1;1
20aa08b5b0;1;1
a2>n;1;1
«5@2k<;1;1
20@20@a:8e;1;1
k>=o8;1;1
><5i8gl5<;1;1
2@>5;1;1
>=ob8o;1;1
domaine;1;1
20aa0;1;1
a25ba:8e;1;1
=081>55;1;1
75<o;1;1
@074@>15==>ab8;1;1
1c4ci5<c;1;1
025@h0ni59;1;1
=5a:>l:8e;1;1
fee;1;1
<<c=8bйb;1;1
:>@>l;1;1
87>4;1;1
>1@o40;1;1
&йe8;1;1
a@54=525:>2ke;1;1
>a2oi02h8eao;1;1
a5=l>@80l=k9;1;1
c3>4lo;1;1
vassaius;1;1
>4=>9;1;1
3@5g;1;1
c3>489;1;1
>1@07><;1;1
b4;1;1
04>=8;1;1
a>1ab25==>;1;1
«a5<l;1;1
cg@5645=85;1;1
1k2h59;1;1
:0aa;1;1
g5@bk;1;1
a>1>@>2;1;1
par;1;1
>@5455==k<8;1;1
@>2>482h89ao;1;1
an75@5=><;1;1
nobilitas;1;1
:><5:a;1;1
5@e>2=k9;1;1
>7=0g0ni89;1;1
@5<5a5==ke;1;1
b;1;1
@81k8;1;1
04<8=8ab@0b>@><;1;1
0e>b=k5;1;1
@8=c48b5l=k9;1;1
:>@>52ab20e;1;1
700h:0;1;1
ac38;1;1
4@c3c;1;1
liberalis;1;1
>687=5==>5;1;1
=0a55=8o;1;1
ac4l59;1;1
2045=85;1;1
@8=5a5=8o;1;1
@02=ke;1;1
4ce>2=ke;1;1
=0a54>20;1;1
м4;1;1
=58<ci8e;1;1
июль;1;1
параллельно;1;1
последовательно;1;1
девятилетие;1;1
2015;1;1
ознаменовать;1;1
vista;1;1
фреймворок;1;1
2006;1;1
всесторонний;1;1
закономерный;1;1
обоснованный;1;1
историкогенетический;1;1
упорядочить;1;1
идеал;1;1
познание;1;1
строго;1;1
правовой;1;1
систематизация;1;1
грань;1;1
родить;1;1
партия;1;1
тезис;1;1
доказательство;1;1
социальнокультурный;1;1
"бытия""";1;1
ассоциация;1;1
суждение;1;1
объективный;1;1
сознание;1;1
"""неопровержимый";1;1
динамика;1;1
предположение;1;1
статистический;1;1
конкретность;1;1
вследствие;1;1
предтеория;1;1
методология;1;1
восприятие;1;1
подменяться;1;1
отражать;1;1
идея;1;1
институционализация;1;1
подвластный;1;1
многообразие;1;1
объяснять;1;1
эстетический;1;1
школа;1;1
творческий;1;1
целевой;1;1
дифференциация;1;1
аф;1;1
специализация;1;1
конкретноисторический;1;1
социум;1;1
воображение;1;1
рассмотрение;1;1
опыт;1;1
субъективный;1;1
лосев;1;1
естественный;1;1
реконструкция;1;1
синкретизм;1;1
причудливый;1;1
аналогия;1;1
факт;1;1
гармоничный;1;1
исследование;1;1
исповедовать;1;1
"stretch=""uniform""";1;1
systemmediabrush;1;1
tile;1;1
brushes;1;1
распределять;1;1
fill;1;1
пропорциональный;1;1
четрый;1;1
единичный;1;1
служащий;1;1
зеркально;1;1
отобразить;1;1
рисунка:;1;1
видеоресурс;1;1
xкоордината;1;1
imagesource;1;1
geometrydrawing;1;1
длина;1;1
инкапсулировать;1;1
кистей:;1;1
умножение;1;1
flipx;1;1
чуть;1;1
центральный;1;1
конечный;1;1
none;1;1
рассматривать;1;1
"""blue""";1;1
flipy;1;1
imagedrawing;1;1
примитив;1;1
глубокий;1;1
glyphrundrawing;1;1
проделывать;1;1
yкоордината;1;1
videodrawing;1;1
линия;1;1
45;1;1
lineargradientbrush;1;1
координаты:;1;1
"background=""blue""";1;1
radialgradientbrush;1;1
заливать;1;1
какойлибо;1;1
05*ширина_изображение;1;1
эллипс;1;1
button1background=brushesblue;1;1
visualbrush;1;1
упомянуть;1;1
flipxy;1;1
какойтый;1;1
длины:;1;1
растягиваться;1;1
drawing;1;1
опеределять;1;1
30%;1;1
прочий;1;1
сплошной;1;1
высота_изображение;1;1
tilemode;1;1
какимнибудь;1;1
плавно;1;1
умножить;1;1
похоже;1;1
составить;1;1
варианта:;1;1
фигура;1;1
целый;1;1
20%;1;1
borderbrush;1;1
вырезаться;1;1
7=0g5=85<;1;1
a2>9ab20;1;1
b;1;1
a0<>9;1;1
:028h8;1;1
delay;1;1
=060b8o;1;1
107>2>3>;1;1
>=;1;1
scrollbar;1;1
mb>3>;1;1
b>1k;1;1
enter;1;1
22>4;1;1
interval;1;1
=0<;1;1
m5<5=b0;1;1
=0720=85;1;1
=060b85;1;1
iscancel;1;1
b8g8b5l=0o;1;1
>l7>20b5la:89;1;1
@54:>;1;1
=04>;1;1
buttonbase:;1;1
>ab>o==cn;1;1
false;1;1
true;1;1
8a>l7c5bao;1;1
buttonbase;1;1
5a8;1;1
:=>:5;1;1
>1@010bk20bl;1;1
c#;1;1
a8;1;1
=0>38g=>;1;1
:=>:c;1;1
=b5@20;1;1
>4=0:>;1;1
0b@81cb0;1;1
f5k<;1;1
mb>b;1;1
a2>9ab20<;1;1
a0<><;1;1
a2>9ab20<8;1;1
>:0;1;1
@8=8<0nb;1;1
70b5<;1;1
=5@5@k2=0o;1;1
:0aa>2;1;1
@o4><;1;1
>7c=>:;1;1
=0a54c5b;1;1
>72>onb;1;1
:=>:8;1;1
:>@@5:b8@c5bao;1;1
a>740=8o;1;1
>7c=:0;1;1
a>1kb89;1;1
:=>:0;1;1
wpf;1;1
>a>15==>abl;1;1
:028hc;1;1
scrollviewer;1;1
>1@01>bg8:;1;1
=0@8<5@;1;1
>1@01>bg8:0;1;1
>a=>2>9;1;1
iscancel;1;1
35=5@0f8o;1;1
a2o70bl;1;1
@>:@cb:c;1;1
c#;1;1
яю;1;1
8=8f88@c5b;1;1
0b@81cb;1;1
b0:85;1;1
esc;1;1
=060b0;1;1
0<;1;1
a515;1;1
m5<5=b0e;1;1
c=0a54>20==k<;1;1
=0a54cnbao;1;1
>1@01>bg8:><;1;1
35=5@0f88;1;1
яю;1;1
ac68bl;1;1
раскрываться;1;1
использования:;1;1
раскрытие;1;1
разным:;1;1
подкласс;1;1
isexpanded;1;1
мышка;1;1
образовать;1;1
expanderэлемент;1;1
указатель;1;1
старт;1;1
headeredcontentcontrol;1;1
стрелка;1;1
заголовок:;1;1
картинка;1;1
c;1;1
событием:;1;1
click;1;1
неявно;1;1
широко;1;1
будущее;1;1
произвести;1;1
реакция;1;1
menu;1;1
определимый;1;1
представления:;1;1
wysiwig;1;1
файла:;1;1
студия;1;1
запретить;1;1
рекомендовать;1;1
браузер;1;1
чередоваться;1;1
наводящий;1;1
стараться;1;1
соцсеть;1;1
знаете;1;1
пауза;1;1
минута;1;1
перемещаться;1;1
рассказать;1;1
преподаватель;1;1
весёлый;1;1
ждать;1;1
иконокквадрат;1;1
слишком;1;1
лекция;1;1
twitter;1;1
ответ;1;1
стэпами;1;1
сжатый;1;1
никуда;1;1
редкий;1;1
долгий;1;1
вконтакте;1;1
новость;1;1
запоминаться;1;1
изложение;1;1
деталь;1;1
волноваться;1;1
услышать;1;1
короткий;1;1
курсах:;1;1
жать;1;1
вводный;1;1
фрагмент;1;1
рад;1;1
«влево»;1;1
выкладывать;1;1
узнать;1;1
пожалуйста;1;1
теряться;1;1
разобраться;1;1
поиск;1;1
помнить;1;1
онлайнкурс;1;1
конспект;1;1
ускорять;1;1
присоединяться;1;1
обучение»;1;1
медленный;1;1
«введение;1;1
наоборот:;1;1
кажется;1;1
facebook;1;1
шагом;1;1
заметка;1;1
подразумевать;1;1
stepik;1;1
перезагрузить;1;1
видеоплеер;1;1
пересматривать;1;1
видеолекция;1;1
корректно;1;1
чей;1;1
fontstyle;1;1
както;1;1
dispatcherobject;1;1
наклон;1;1
войти;1;1
fontfamily;1;1
предназначение;1;1
image;1;1
frameworkelement;1;1
sta;1;1
условно;1;1
verdana;1;1
упрощать;1;1
лежать;1;1
border;1;1
инструкция;1;1
объектудиспетчер;1;1
стилть;1;1
calendar;1;1
толщина;1;1
сообщение;1;1
scrollviewergroupbox;1;1
dependency;1;1
растягивать;1;1
expanded;1;1
диспетчер;1;1
цветок;1;1
дата;1;1
affinity;1;1
arial;1;1
подгруппа;1;1
blackbold;1;1
отступ;1;1
разделить;1;1
вокруг;1;1
fontstretch;1;1
slider;1;1
normal;1;1
расстягивать;1;1
декоратор;1;1
параллелизм;1;1
progressbar;1;1
подгрупп:;1;1
combobox;1;1
datepicker;1;1
singlethread;1;1
кастомизировать;1;1
italicoblique;1;1
condensed;1;1
sex_male;1;1
вычленить;1;1
выживших/погибнуть;1;1
приводить;1;1
соотношение;1;1
прямоугольничок;1;1
кстати;1;1
97%;1;1
возраст;1;1
глубина;1;1
поступить;1;1
<=005;1;1
прямоугольничка;1;1
запомнить;1;1
исход;1;1
несложно;1;1
фич;1;1
pclass;1;1
тут;1;1
модула;1;1
переобучить;1;1
разделение;1;1
титаник;1;1
вернуться;1;1
canexecute;1;1
вправо;1;1
record;1;1
нередко;1;1
browseforward;1;1
заменить;1;1
влево;1;1
mainwindow:;1;1
selecttoend;1;1
буффера;1;1
исправление;1;1
moverightпереместить;1;1
игнорироваться;1;1
browsestop;1;1
ribboncommands:;1;1
deleteудалить;1;1
null;1;1
nextpage;1;1
addtoquickaccesstoolbar;1;1
гденибыть;1;1
decreasevolume;1;1
correctionlist;1;1
уменьшение;1;1
паттерн;1;1
просмотр;1;1
paste;1;1
назад;1;1
включить;1;1
previouspage;1;1
prit;1;1
rewind;1;1
help;1;1
классомnavigationcommands:;1;1
firstpage;1;1
componentcommands:;1;1
lastpage;1;1
аспектов:;1;1
alligncenter;1;1
cancelprint;1;1
applicationcommands;1;1
вставить;1;1
mediacommands:;1;1
saveas;1;1
maximizewindowразвернуть;1;1
уставливать;1;1
браузерный;1;1
перемотка;1;1
громкость;1;1
commandtarget;1;1
systemcommands:;1;1
ctrl+c;1;1
stop;1;1
отключить;1;1
редактирование;1;1
executed;1;1
конекстный;1;1
какойнибудь;1;1
movedown;1;1
closeзакрыть;1;1
много;1;1
open;1;1
closewindow;1;1
классов:;1;1
связывать;1;1
find;1;1
printpreviewпредварительный;1;1
scrollpagedown;1;1
selectall;1;1
cut;1;1
абстрагировать;1;1
развернуть;1;1
команды:;1;1
commandbinding;1;1
replace;1;1
ситуация;1;1
editingcommands:;1;1
системный;1;1
избранный;1;1
нажимать;1;1
восстановить;1;1
playвоспроизвести;1;1
домой;1;1
canexecutechanged;1;1
закрыть;1;1
запускать;1;1
повторить;1;1
moveleft;1;1
decreasefontsize;1;1
minimizewindow;1;1
общераспространённый;1;1
favorites;1;1
справка;1;1
icommandsource:;1;1
commandparameter;1;1
browseback;1;1
copy;1;1
gotopage;1;1
undo;1;1
семь;1;1
свернуть;1;1
redo;1;1
routeduicommand;1;1
вперёд;1;1
movedownbyline;1;1
сократить;1;1
maximizeribboncommand;1;1
systemwindowsinputroutedcommand;1;1
moveup;1;1
contextmenu;1;1
restorewindow;1;1
refresh;1;1
save;1;1
browsehome;1;1
foundation;1;1
presentation;1;1
wpf:;1;1
воспользоваться;1;1
кнопочка;1;1
user32;1;1
совмещать;1;1
3dмодель;1;1
ложиться;1;1
значительный;1;1
gdi+;1;1
xml:;1;1
подключиться;1;1
загрузить;1;1
dataset;1;1
<add>;1;1
systemdatasqlclient;1;1
appconfig;1;1
синхронизироваться;1;1
sqldataadapter;1;1
провайдер;1;1
почитать;1;1
здесь:;1;1
source=\sqlexpress:;1;1
catalog=mobiledb:;1;1
datatable;1;1
загружать;1;1
удалить;1;1
вручную;1;1
аутентификация;1;1
sqlcommandbuilder;1;1
connectionstring;1;1
предварительно;1;1
<configuration>;1;1
частей:;1;1
mobiledb;1;1
"""\sqlexpress""";1;1
initial;1;1
updatedb;1;1
"""defaultconnection""";1;1
адаптер;1;1
содержимое:;1;1
произвольный;1;1
security=true:;1;1
заново;1;1
integrated;1;1
заключить;1;1
<connectionstrings>;1;1
удаляться;1;1
выполнить;1;1
избавлять;1;1
играть;1;1
компенсироваться;1;1
провышенный;1;1
xp;1;1
двухмерный;1;1
многий;1;1
c#/vbnet;1;1
программный;1;1
сравнение;1;1
forms;1;1
память;1;1
сложно;1;1
экрана:;1;1
приложений:;1;1
независимость;1;1
измеряться;1;1
2d;1;1
netплатформа;1;1
достигнуть;1;1
лихва;1;1
фреймворка;1;1
транслироваться;1;1
визуализироваться;1;1
игра;1;1
среднее;1;1
повышать;1;1
unity;1;1
monogame;1;1
альтернатива;1;1
3d;1;1
потребление;1;1
grigcolumn;1;1
разница;1;1
setсвойство;1;1
детально;1;1
attached;1;1
взглянуть;1;1
грида:;1;1
обёртка;1;1
классsetсвойство;1;1
пара;1;1
размещаться;1;1
registerattached:другий;1;1
элементах:;1;1
getсвойство:;1;1
xmlns;1;1
строчка;1;1
using;1;1
systemwindows;1;1
директивыusing;1;1
manage;1;1
абстрагироваться;1;1
references;1;1
сопоставление;1;1
dbphonesremovephone;1;1
packages:;1;1
efdbapp;1;1
руководство;1;1
пакет;1;1
прочитать;1;1
ormтехнология;1;1
nuget;1;1
singledate;1;1
2k455=85;1;1
isdropdownopen;1;1
decade;1;1
displaymoded>@<0b;1;1
=0720==ke;1;1
=5458;1;1
><>iln;1;1
start;1;1
b>340;1;1
a>a>1;1;1
a2>9ab2;1;1
>1i85;1;1
@54ab02o5b;1;1
>:07k205b;1;1
420;1;1
>=k<8;1;1
displaymode;1;1
040nb;1;1
short;1;1
22>40;1;1
displaydatestart;1;1
7040ni89;1;1
=0720=8o<8;1;1
яю;1;1
:05=40@5<;1;1
40b0;1;1
:05=40@o;1;1
2k455=0;1;1
b5:ab>2>5;1;1
4=8;1;1
d>@<0b;1;1
singlerange;1;1
>1j5:b;1;1
end;1;1
44<<3333;1;1
48007>=;1;1
month;1;1
45aob85b8o;1;1
=8;1;1
calendardaterange;1;1
@8=8<05b;1;1
:>=5g=cn;1;1
40bk;1;1
<5aof0;1;1
a>1>9;1;1
a2o70==k9;1;1
b<5g05b;1;1
a54cni8<8;1;1
2ak20ni89;1;1
istodayhighlighted;1;1
blackoutdates;1;1
datepicker;1;1
>@545o5b;1;1
multiplerange;1;1
1c4cb;1;1
>b>1@065=8o;1;1
selecteddateselecteddates;1;1
2k455==ke;1;1
a>>b25bab25==>;1;1
=5:>b>@k5;1;1
70@5i05b;1;1
<5aof52:;1;1
8<5nb;1;1
none;1;1
48007>=0;1;1
2k455==cn;1;1
=0g0l=cn;1;1
d>@<0b;1;1
long;1;1
b5:ci0o;1;1
22>40;1;1
firstdayofweek;1;1
48007>=>2;1;1
:0aa0<8:;1;1
>5;1;1
яю5<5=bk;1;1
selecteddateformat;1;1
<<443333;1;1
40==k<8;1;1
@01>bk;1;1
:>b>@k9;1;1
m5<5=b><;1;1
5@2k9;1;1
70g5@:=cbk;1;1
:05=40@l;1;1
2k455=8o;1;1
@><5;1;1
2k040ni8<;1;1
>ab020blao;1;1
>b>1@060blao;1;1
"""0:65";1;1
48007>=;1;1
>4=c;1;1
:0g5ab25;1;1
206=ke;1;1
displaydateend;1;1
year;1;1
<5aofk;1;1
@8=8<05b;1;1
>b:@kbk<;1;1
45=l;1;1
2k1>@0;1;1
2kh5;1;1
editingmode;1;1
down;1;1
inkcanvaseditingmode;1;1
касание;1;1
erasebystroke:;1;1
select:;1;1
none:;1;1
мыший;1;1
strokeerased;1;1
tap;1;1
inkandgesture:;1;1
strokecollected;1;1
бывать;1;1
обрабатывать;1;1
отсутствие;1;1
нарисовать;1;1
gestureonly:;1;1
браться;1;1
какоголибо;1;1
мыши/стилус;1;1
следующими:;1;1
прикоснуться;1;1
стереть;1;1
up;1;1
ink:;1;1
erasebypoint:;1;1
полновластный;1;1
раздробленность;1;1
передача;1;1
несение;1;1
восточный;1;1
крым;1;1
служилый;1;1
сарайберка;1;1
подавление;1;1
передать;1;1
ноябрь;1;1
26;1;1
«татары»;1;1
духовенство;1;1
чин;1;1
батый;1;1
выплачиваться;1;1
40х;1;1
1497;1;1
единовременный;1;1
тысяча;1;1
правящий;1;1
брать;1;1
поволжье;1;1
помещик;1;1
сближение;1;1
ежегодный;1;1
ценность;1;1
столько;1;1
распасться;1;1
наблюдаться;1;1
сибирский;1;1
пользование;1;1
выплата;1;1
подтверждать;1;1
учёт;1;1
крестьянский;1;1
столицы:;1;1
отрабатывать;1;1
астраханский;1;1
ханство;1;1
княжение;1;1
поход;1;1
тумена;1;1
“тьмы”;1;1
грамота;1;1
свод;1;1
посредством;1;1
«орда»;1;1
платёж;1;1
отряд;1;1
полусамостоятельный;1;1
вынудить;1;1
сарайбат;1;1
сопротивление;1;1
упоминаться;1;1
казахстан;1;1
вассальный;1;1
осенний;1;1
крымский;1;1
хорезм;1;1
вотчинный;1;1
барщина;1;1
xixii;1;1
57я;1;1
обладатель;1;1
контролировать;1;1
xvi;1;1
княжестваземлить;1;1
младший;1;1
протяжение;1;1
xvxvii;1;1
корпорация;1;1
владимиросуздальский;1;1
государь;1;1
переход:;1;1
темник;1;1
самостоятельный;1;1
статья;1;1
“пожилого”;1;1
юрьев;1;1
военачальник;1;1
волжский;1;1
впервые;1;1
российский;1;1
освобождаться;1;1
митрополит;1;1
василий;1;1
порусски;1;1
западный;1;1
обозначать;1;1
сибирь;1;1
казанский;1;1
болгария;1;1
кавказ;1;1
чиновник;1;1
ханский;1;1
предпринимать;1;1
единицах:;1;1
minheight/maxheight;1;1
cm;1;1
"пикселями""";1;1
/>;1;1
"content=""кнопка""";1;1
да;1;1
желательно;1;1
pt;1;1
избегать;1;1
double;1;1
in;1;1
сантиметр;1;1
minwidth/maxwidth;1;1
возникать;1;1
"height=""04in""";1;1
явно;1;1
измерения:;1;1
<button;1;1
"""логический";1;1
"width=""5cm""";1;1
выходить;1;1
px;1;1
конкретно;1;1
typeconverter;1;1
conventer;1;1
какихтый;1;1
сводиться;1;1
строк:;1;1
ничто;1;1
собственный;1;1
выровнять;1;1
инструкций:;1;1
type;1;1
фоновый;1;1
данных:;1;1
c#:;1;1
color;1;1
brushconverter;1;1
яваться;1;1
scope_identity;1;1
mysql;1;1
database:;1;1
@company;1;1
identity;1;1
@id;1;1
возвращаться;1;1
завершаться;1;1
oracle;1;1
столбца:;1;1
databases;1;1
напротив;1;1
insert;1;1
select;1;1
слово;1;1
nvarchar;1;1
postgres;1;1
параметра:;1;1
телефон;1;1
обойтись;1;1
management;1;1
целочисленный;1;1
go;1;1
@title;1;1
as;1;1
уникальный;1;1
ключ;1;1
dbapp;1;1
@price;1;1
column;1;1
присваиваться;1;1
офсайт;1;1
mongodb;1;1
упростить;1;1
dependencyobject;1;1
извещать;1;1
mode=twoway;1;1
validatevalue;1;1
старое;1;1
coercevaluecallback;1;1
setvalue;1;1
currentvalue;1;1
действовать;1;1
getvalue;1;1
validatevaluecallback:;1;1
регистрироваться;1;1
свойства:;1;1
if;1;1
объявляться;1;1
titleproperty;1;1
600;1;1
модифицировать;1;1
propertychangedcallback;1;1
делеата;1;1
модификатор;1;1
значень;1;1
менять;1;1
отработать;1;1
обозначить;1;1
некорректный;1;1
register;1;1
свойстваобёртка;1;1
readonly;1;1
елегат;1;1
вляться;1;1
подкорректировать;1;1
валидации:;1;1
return;1;1
наоборот;1;1
оба;1;1
отрицательный;1;1
priceproperty;1;1
htmlэлемент;1;1
вебстраничка;1;1
page;1;1
совершенно;1;1
глобальный;1;1
"startupuri=""mainwindowxaml""";1;1
открываться;1;1
кодаappxamlcs;1;1
чёрный;1;1
мнемонический;1;1
<textblock;1;1
enter;1;1
превышать;1;1
предельный;1;1
tab;1;1
сочетание;1;1
заточить;1;1
декорация;1;1
maxlength;1;1
"textalignment=""right"">";1;1
linebreak:;1;1
переводить;1;1
выравнивать;1;1
"textdecorations=""underline""";1;1
вместить;1;1
right;1;1
расти;1;1
center;1;1
language:;1;1
распространяться;1;1
nowrap;1;1
подчеркнуть;1;1
чоб;1;1
пароль;1;1
непомещающийся;1;1
английский;1;1
password;1;1
сказать;1;1
командклавиш;1;1
passwordchar;1;1
кусок;1;1
"acceptsreturn=""true""";1;1
переноситься;1;1
передавать;1;1
редактор;1;1
"acceptstab=""true""";1;1
"spellcheckisenabled=""true""";1;1
run;1;1
переносить;1;1
табуляция;1;1
left:;1;1
предполагаться;1;1
языкаоснова;1;1
подразделяться;1;1
развитый;1;1
социокультурный;1;1
этногенез;1;1
немец;1;1
приусадебный;1;1
луга;1;1
характеристика;1;1
выражаться;1;1
скот;1;1
этноним;1;1
соплеменник;1;1
фратрия;1;1
эндоэтноним;1;1
строй;1;1
доклассовый;1;1
инвентарь;1;1
каган;1;1
номадизм;1;1
военнный;1;1
хозяйственный;1;1
участок;1;1
взаимопомощь;1;1
суверен;1;1
deutsch;1;1
экстенсивный;1;1
кочевничество;1;1
леса;1;1
вод;1;1
обычай;1;1
деление;1;1
сумма;1;1
поровну;1;1
аналогичный;1;1
1*;1;1
автоматический;1;1
025*;1;1
сток;1;1
увеличить;1;1
семейный;1;1
говорящий;1;1
земледельческий;1;1
мифический;1;1
туземец;1;1
единодержавный;1;1
300;1;1
могли:;1;1
демократия;1;1
должностной;1;1
сподвижник;1;1
эллинистический;1;1
поселение;1;1
сражаться;1;1
архаика;1;1
«император;1;1
месяц;1;1
шлем;1;1
архитектурный;1;1
senatus;1;1
внук;1;1
мятеж;1;1
тяжеловооружённый;1;1
философия;1;1
imperium;1;1
коллегиальный;1;1
цитадель;1;1
неподатной;1;1
старейшина;1;1
viii;1;1
поколение;1;1
роскошный;1;1
спорт;1;1
управленческий;1;1
укрепить;1;1
пение;1;1
копьё;1;1
влияние;1;1
нерушимый;1;1
олигархия;1;1
смерть;1;1
наделить;1;1
боевой;1;1
цензовый;1;1
архаический;1;1
либертина;1;1
александр;1;1
периэк;1;1
наименование;1;1
верность;1;1
битва;1;1
патрицианский;1;1
насильственный;1;1
эпигон;1;1
городгосударство;1;1
квирит;1;1
переносный;1;1
поэзия;1;1
византия;1;1
сословный;1;1
старание;1;1
включиться;1;1
македонский;1;1
патронат;1;1
метрополия;1;1
поселенец;1;1
несущий;1;1
неимущий;1;1
vii;1;1
отдаться;1;1
торговец;1;1
мастерский;1;1
плата;1;1
стратег;1;1
непременно;1;1
стихийный;1;1
27;1;1
princeps;1;1
площадь;1;1
командующий;1;1
престиж;1;1
никакой;1;1
ростовщик;1;1
тирания;1;1
меч;1;1
пользоваться;1;1
выкупить;1;1
монархия;1;1
единоличный;1;1
жалование;1;1
колонат;1;1
презрительный;1;1
напряжение;1;1
рабовладельческий;1;1
взаимный;1;1
учреждение;1;1
ординарный;1;1
щит;1;1
сконцентрировать;1;1
противостоящий;1;1
победоносный;1;1
покровительство;1;1
га;1;1
спарта;1;1
193;1;1
государствё;1;1
слияние;1;1
жреческий;1;1
законный;1;1
автохтон;1;1
воля;1;1
афины;1;1
диадох;1;1
муниципия;1;1
6;1;1
требование;1;1
слагать;1;1
внеиталийский;1;1
легионер;1;1
грек;1;1
солдат;1;1
плебейский;1;1
утверждаться;1;1
монарх;1;1
возглавляться;1;1
гоплит;1;1
фаланга;1;1
басилевс;1;1
бедствие;1;1
впоследствии;1;1
италийский;1;1
включаться;1;1
полководец;1;1
соревновательность;1;1
обитатель;1;1
колония;1;1
состязательность;1;1
прародитель;1;1
pater;1;1
меняться;1;1
цивитас;1;1
iv;1;1
варвар;1;1
справиться;1;1
вёть;1;1
287;1;1
перикл;1;1
запад;1;1
покровитель;1;1
хозяйственноюридический;1;1
отец;1;1
familias;1;1
треть;1;1
заканчивать;1;1
арендатор;1;1
армия;1;1
означать;1;1
почетноторжественный;1;1
триумф;1;1
пролетарий;1;1
рабский;1;1
250;1;1
лицо;1;1
воинский;1;1
юридически;1;1
панцирь;1;1
метек;1;1
объявлять;1;1
пиктографический;1;1
обмениваться;1;1
сатрап;1;1
складывание;1;1
храм;1;1
чифдом;1;1
малый;1;1
слоговопонятийный;1;1
знак;1;1
слаборазвитый;1;1
пантеон;1;1
индия;1;1
самоусовершенствование;1;1
поныне;1;1
вайшья;1;1
религия;1;1
локальный;1;1
зло;1;1
письменность;1;1
ясперс;1;1
потребляться;1;1
культ;1;1
справедливость;1;1
дуалистический;1;1
деспот;1;1
сформировать;1;1
свобода;1;1
целостный;1;1
расслоение;1;1
карл;1;1
уголовный;1;1
конфуций;1;1
соблюдение;1;1
деревня;1;1
произвол;1;1
брахман;1;1
дарий;1;1
вершить;1;1
осевой;1;1
сакрализация;1;1
ближний;1;1
междуречье;1;1
достижение;1;1
бесправие;1;1
vi;1;1
chiefdom;1;1
civilis;1;1
витальный;1;1
письмо;1;1
иногда;1;1
лата;1;1
священный;1;1
точно;1;1
социальнополитический;1;1
всеобщий;1;1
немецкий;1;1
кшатрий;1;1
плато;1;1
палочекклинышек;1;1
цикл;1;1
небо;1;1
порядком;1;1
зороастризм;1;1
рисосеяние;1;1
начать;1;1
революция;1;1
товарообмен;1;1
развивающийся;1;1
самодержавный;1;1
средний;1;1
ирригационный;1;1
жёсткий;1;1
иранский;1;1
рациональный;1;1
мелиорация;1;1
этикет;1;1
вред;1;1
талион;1;1
постоянный;1;1
1912;1;1
персидский;1;1
водный;1;1
освобождение;1;1
варна;1;1
клинопись;1;1
добро;1;1
предшествовать;1;1
китайскоконфуцианский;1;1
властитель;1;1
причинить;1;1
хлопководство;1;1
взимать;1;1
следить;1;1
ответственность;1;1
шудра;1;1
заложить;1;1
оросительный;1;1
спокойствие;1;1
кастовый;1;1
поливной;1;1
синьхайский;1;1
наказание;1;1
акт;1;1
овощеводство;1;1
непременный;1;1
автономный;1;1
набирать;1;1
населять;1;1
сатрапия;1;1
индубуддийский;1;1
даровать;1;1
философ;1;1
этикополитический;1;1
открытый;1;1
закрытый;1;1
window:;1;1
ясный;1;1
systemwindowscontrolsbutton;1;1
tostring;1;1
togglebutton;1;1
очередь;1;1
expander;1;1
checkbox;1;1
systemwindowcontrolscontrol;1;1
controls;1;1
uielementonrender;1;1
схожий;1;1
типов:;1;1
tabitem;1;1
tooltip;1;1
radiobutton;1;1
преставление;1;1
