Слово;Текущие данные;Ципф
в;305;305
и;238;153
на;106;102
с;87;77
который;66;61
элемент;64;51
для;62;44
команда;53;39
не;48;34
свойство;46;31
по;45;28
мы;44;26
или;43;24
дать;42;22
один;42;21
от;39;20
быть;39;18
они;37;17
мочь;37;17
весь;37;16
он;37;15
как;37;14
к;36;14
при;36;13
это;34;13
если;33;12
то;32;12
например;32;11
класс;32;11
значение;32;11
иметь;31;10
что;30;10
wpf;29;10
из;27;9
управление;26;9
интерфейс;26;9
этот;24;9
зависимость;24;9
представлять;24;8
являться;24;8
другой;24;8
приложение;24;8
до;23;8
век;23;7
нейрон;22;7
а;21;7
связь;21;7
тип;20;7
процесс;19;7
курс;19;7
использовать;19;6
компоновка;19;6
группа;19;6
князь;19;6
чтобы;18;6
тот;18;6
форма;18;6
также;17;6
вы;17;6
за;17;6
так;17;5
свой;17;5
человек;17;5
метод;16;5
себя;16;5
контейнер;16;5
система;16;5
хозяйство;16;5
власть;16;5
помощь;15;5
объект;15;5
определённый;15;5
язык;15;5
государство;15;5
есть;14;5
вид;14;5
во;14;4
время;14;4
римский;14;4
о;13;4
результат;13;4
создание;13;4
территория;13;4
общество;13;4
нэ;13;4
модель;12;4
решение;12;4
высокий;12;4
но;12;4
между;12;4
сеть;12;4
нейронный;12;4
ряд;12;4
название;12;4
true;12;4
код;12;4
часть;12;4
социальный;12;4
разный;11;4
переменный;11;4
два;11;4
такой;11;3
более;11;3
можно;11;3
каждый;11;3
xaml;11;3
древний;11;3
община;11;3
общий;11;3
государственный;11;3
развитие;11;3
право;11;3
русь;11;3
год;11;3
культура;11;3
параметр;10;3
представить;10;3
слой;10;3
размер;10;3
привязка;10;3
кнопка;10;3
позволять;10;3
бы;10;3
политический;10;3
тд;10;3
полис;10;3
несколько;9;3
нужно;9;3
задача;9;3
только;9;3
период;9;3
действие;9;3
пользователь;9;3
данный;9;3
возможность;9;3
случай;9;3
знать;9;3
глава;9;3
графический;9;3
дань;9;3
земля;9;3
народ;9;3
научный;9;3
строка;9;3
хороший;8;3
где;8;3
использование;8;3
наука;8;3
дерево;8;3
последний;8;3
урок;8;3
набор;8;3
windows;8;2
окно;8;2
внутри;8;2
специальный;8;2
сам;8;2
же;8;2
декларативный;8;2
сословие;8;2
совокупность;8;2
член;8;2
термин;8;2
население;8;2
графика;8;2
рим;8;2
гражданин;8;2
однако;7;2
важный;7;2
уже;7;2
сделать;7;2
единица;7;2
передаваться;7;2
функция;7;2
различный;7;2
речь;7;2
изменение;7;2
определять;7;2
программа;7;2
связанный;7;2
net;7;2
называться;7;2
разметка;7;2
собственность;7;2
основать;7;2
организация;7;2
родовой;7;2
племя;7;2
основа;7;2
поместье;7;2
вотчина;7;2
раб;7;2
титул;7;2
под;7;2
после;7;2
шрифт;7;2
добавлять;7;2
обновление;7;2
этнос;7;2
поэтому;6;2
получить;6;2
подбор;6;2
относиться;6;2
самый;6;2
всего;6;2
затем;6;2
обычно;6;2
устройство;6;2
имя;6;2
принимать;6;2
наиболее;6;2
число;6;2
применяться;6;2
классификация;6;2
хранить;6;2
у;6;2
использоваться;6;2
создавать;6;2
включать;6;2
следующий;6;2
некоторый;6;2
логика;6;2
платформа;6;2
ранний;6;2
эпоха;6;2
предполагать;6;2
состоять;6;2
общественный;6;2
происхождение;6;2
объединить;6;2
работа;6;2
феодальный;6;2
—;6;2
xv;6;2
русский;6;2
источник;6;2
холоп;6;2
боярский;6;2
феодал;6;2
она;6;2
царь;6;2
принцип;6;2
конкретный;6;2
событие;6;2
текст;6;2
содержимое;6;2
страница;6;2
видео;6;2
стать;6;2
богатый;6;2
получать;6;2
взаимодействовать;6;2
реализовать;6;2
встроить;6;2
база;6;2
должность;6;2
археологический;6;2
самоназвание;6;2
клиент;6;2
анализ;5;2
представление;5;2
перед;5;2
пример;5;2
балл;5;2
день;5;2
об;5;2
студент;5;2
информация;5;2
шаг;5;2
прохождение;5;2
добавить;5;2
умолчание;5;2
содержимый;5;2
статический;5;2
правило;5;2
существовать;5;2
нужный;5;2
указывать;5;2
образ;5;2
файл;5;2
область;5;2
особый;5;2
обозначение;5;2
существование;5;2
находиться;5;2
жить;5;2
род;5;2
коллектив;5;2
др;5;2
поздний;5;2
золотой;5;2
орда;5;2
великое;5;2
новгород;5;2
правитель;5;2
военный;5;2
республика;5;2
отдельный;5;2
россия;5;2
натуральный;5;2
3;5;2
потомок;5;2
вместе;5;2
развиваться;5;2
условие;5;1
устойчивый;5;1
деятельность;5;1
знание;5;1
прошлое;5;1
узел;5;1
материал;5;1
новое;5;1
выполняться;5;1
подключение;5;1
комплекс;5;1
общность;5;1
племенной;5;1
гражданский;5;1
forest;4;1
легко;4;1
проблема;4;1
предсказание;4;1
давать;4;1
random;4;1
особенность;4;1
важность;4;1
выглядеть;4;1
предсказать;4;1
40;4;1
доступный;4;1
пойти;4;1
отличие;4;1
наличие;4;1
вычисление;4;1
наблюдение;4;1
расположение;4;1
далее;4;1
остальной;4;1
необходимый;4;1
слева;4;1
чем;4;1
выше;4;1
явный;4;1
активационный;4;1
входной;4;1
вызываться;4;1
влиять;4;1
установка;4;1
кроме;4;1
создать;4;1
внимание;4;1
называть;4;1
должный;4;1
пользовательский;4;1
работать;4;1
вера;4;1
переход;4;1
жизнь;4;1
возникнуть;4;1
новый;4;1
брак;4;1
исторический;4;1
земледелие;4;1
формирование;4;1
религиозный;4;1
самоуправление;4;1
древнерусский;4;1
вече;4;1
документ;4;1
принадлежать;4;1
закон;4;1
мир;4;1
псков;4;1
земельный;4;1
вопрос;4;1
xiv;4;1
основный;4;1
свободный;4;1
традиционный;4;1
налог;4;1
зависимый;4;1
вождь;4;1
версия;4;1
цель;4;1
история;4;1
входить;4;1
момент;4;1
поддержка;4;1
отрисовка;4;1
наш;4;1
когда;4;1
обработчик;4;1
реальный;4;1
выполнять;4;1
запись;4;1
обладать;4;1
курсор;4;1
winforms;4;1
процедура;4;1
sql;4;1
трёхмерный;4;1
представитель;4;1
языковой;4;1
сходный;4;1
семья;4;1
борьба;4;1
войско;4;1
плебей;4;1
город;4;1
магистратура;4;1
патрон;4;1
патриция;4;1
всегда;3;1
удобный;3;1
data;3;1
изменяться;3;1
одинаковый;3;1
обучение;3;1
особенно;3;1
проверка;3;1
хотя;3;1
набрать;3;1
большой;3;1
задание;3;1
проходить;3;1
активность;3;1
ли;3;1
нет;3;1
решить;3;1
дело;3;1
идти;3;1
маленький;3;1
решающий;3;1
больший;3;1
организовать;3;1
получение;3;1
анимация;3;1
соответствовать;3;1
изменять;3;1
изменить;3;1
качество;3;1
три;3;1
применительно;3;1
визуализация;3;1
обязательный;3;1
необязательный;3;1
установить;3;1
задавать;3;1
производить;3;1
ссылка;3;1
без;3;1
определить;3;1
еще;3;1
благодаря;3;1
сложный;3;1
разрешение;3;1
уходить;3;1
grid;3;1
перейти;3;1
непосредственно;3;1
стандартный;3;1
функциональность;3;1
применение;3;1
c#;3;1
над;3;1
технология;3;1
путем;3;1
финальный;3;1
керамика;3;1
первобытный;3;1
скотоводство;3;1
бог;3;1
управлять;3;1
предмет;3;1
отношение;3;1
политогенез;3;1
средство;3;1
доисторический;3;1
материальный;3;1
семейство;3;1
соседский;3;1
становление;3;1
взгляд;3;1
изучение;3;1
равный;3;1
строить;3;1
принять;3;1
человеческий;3;1
сфера;3;1
производитель;3;1
сверхъестественный;3;1
производство;3;1
орган;3;1
крупный;3;1
признак;3;1
место;3;1
считаться;3;1
господствующий;3;1
московский;3;1
старший;3;1
киевский;3;1
1;3;1
княжеский;3;1
сбор;3;1
составлять;3;1
xiii;3;1
рюрик;3;1
феодализм;3;1
династия;3;1
народный;3;1
теория;3;1
землевладение;3;1
xviii;3;1
подсистема;3;1
предел;3;1
фамилия;3;1
отличаться;3;1
например:;3;1
явление;3;1
миф;3;1
причем;3;1
режим;3;1
объявление;3;1
10;3;1
навигация;3;1
обычный;3;1
необходимость;3;1
ускорение;3;1
тест;3;1
делать;3;1
поток;3;1
высота;3;1
через;3;1
шаблон;3;1
отвечать;3;1
пришлый;3;1
обратить;3;1
25;3;1
различаться;3;1
вниз;3;1
либо;3;1
множество;3;1
состояние;3;1
переместить;3;1
выступать;3;1
routedcommand;3;1
выделить;3;1
тема;3;1
server;3;1
datagrid;3;1
id;3;1
adapterupdate;3;1
широкий;3;1
единый;3;1
баскак;3;1
страна;3;1
удел;3;1
владелец;3;1
суд;3;1
участвовать;3;1
крестьянин;3;1
хан;3;1
монгольский;3;1
рука;3;1
завоевать;3;1
сложиться;3;1
проживание;3;1
владение;3;1
наместник;3;1
роды;3;1
служба;3;1
середина;3;1
распространить;3;1
самосознание;3;1
социальноэкономический;3;1
жизненный;3;1
внутренний;3;1
этнический;3;1
совет;3;1
i;3;1
v;3;1
легион;3;1
империя;3;1
первоначально;3;1
основное;3;1
эллин;3;1
неограниченный;3;1
ii;3;1
правление;3;1
полноправный;3;1
император;3;1
полномочие;3;1
древность;3;1
вольноотпущенник;3;1
сенат;3;1
цивилизация;3;1
почти;2;1
структура;2;1
выбор;2;1
причинноследственный;2;1
очень;2;1
люба;2;1
понять;2;1
tree;2;1
смотреть;2;1
decision;2;1
science;2;1
правильно;2;1
гипотеза;2;1
6184;2;1
закончить;2;1
практический;2;1
считать;2;1
успешно;2;1
знакомый;2;1
граф;2;1
соединить;2;1
величина;2;1
пространственно;2;1
немного;2;1
выходной;2;1
потрясающе;2;1
понимать;2;1
алгоритм;2;1
направо;2;1
рисунок;2;1
1ий;2;1
подход;2;1
тестовый;2;1
понятно;2;1
машинный;2;1
привести;2;1
соответствующий;2;1
умножать;2;1
проверять;2;1
оно;2;1
поступать;2;1
оторвать;2;1
вычислительный;2;1
оказаться;2;1
вес;2;1
получиться;2;1
предсказывать;2;1
2ий;2;1
отметить;2;1
оптимальный;2;1
ребро;2;1
складываться;2;1
эффективный;2;1
способ;2;1
вкратце;2;1
обговорить;2;1
числовой;2;1
схема;2;1
полностью;2;1
разнообразный;2;1
процессироваться;2;1
вершина;2;1
ошибка;2;1
временной;2;1
варьироваться;2;1
собственно;2;1
frameworkpropertymetadata;2;1
property;2;1
допустимый;2;1
конфигурация;2;1
диапазон;2;1
владеть;2;1
четыре;2;1
дробный;2;1
суффикс;2;1
автоматически;2;1
сохраняться;2;1
учитываться;2;1
устанавливать;2;1
поддерживать;2;1
валидация;2;1
немой;2;1
fontsize;2;1
textblock;2;1
дополнительный;2;1
конструктор;2;1
рендеринг;2;1
вложить;2;1
предоставлять;2;1
познакомиться;2;1
польза;2;1
осуществляться;2;1
большинство;2;1
надо;2;1
пространство;2;1
компонент;2;1
экран;2;1
нежелательно;2;1
максимально;2;1
максимальный;2;1
гдеть;2;1
служить;2;1
определяться;2;1
найти;2;1
canvas;2;1
позиционирование;2;1
частью;2;1
опять;2;1
visual;2;1
baml;2;1
относительно;2;1
прежде;2;1
увидеть;2;1
application;2;1
markup;2;1
связать;2;1
language;2;1
природный;2;1
природа;2;1
верховный;2;1
архантроп;2;1
существующий;2;1
иной;2;1
родственник;2;1
раздел;2;1
распространение;2;1
потребность;2;1
удовлетворение;2;1
кровнородственный;2;1
англ;2;1
появление;2;1
охота;2;1
нижний;2;1
вступать;2;1
рамка;2;1
разряд;2;1
поведение;2;1
движение;2;1
степень;2;1
изучать;2;1
растение;2;1
родство;2;1
институт;2;1
предписание;2;1
заниматься;2;1
политика;2;1
ремесло;2;1
война;2;1
денежный;2;1
продукт;2;1
административный;2;1
варяг;2;1
роль;2;1
производиться;2;1
x;2;1
характер;2;1
дружинник;2;1
удельный;2;1
выход;2;1
боярин;2;1
норманн;2;1
труд;2;1
княжество;2;1
господство;2;1
конец;2;1
полный;2;1
пора;2;1
церковь;2;1
постепенно;2;1
2;2;1
иван;2;1
облагаться;2;1
судебный;2;1
ix;2;1
нач;2;1
дом;2;1
родоплеменной;2;1
государственность;2;1
течение;2;1
средневековый;2;1
рента;2;1
христианство;2;1
район;2;1
язычество;2;1
повинность;2;1
заметить;2;1
имение;2;1
оброк;2;1
платить;2;1
рынок;2;1
собрание;2;1
х;2;1
наследственный;2;1
дружина;2;1
двор;2;1
известный;2;1
фактически;2;1
обмен;2;1
являются:;2;1
xvixvii;2;1
ведать;2;1
монастырский;2;1
взимание;2;1
наследство;2;1
земеля;2;1
дума;2;1
выйти;2;1
30;2;1
экосистема;2;1
46;2;1
учение;2;1
методика;2;1
прошлый;2;1
человечество;2;1
идеология;2;1
историзм;2;1
мировоззрение;2;1
гуманитарный;2;1
приём;2;1
философский;2;1
исследовательский;2;1
направить;2;1
концепция;2;1
нравственный;2;1
реальность;2;1
картина;2;1
дисциплина;2;1
мифологический;2;1
groupbox;2;1
задать;2;1
нажатие;2;1
скрытый;2;1
mainwindowxaml;2;1
там;2;1
открывать;2;1
визуальный;2;1
отображаться;2;1
понятие;2;1
вести;2;1
обсуждение;2;1
«вправо»;2;1
даваться;2;1
видеть;2;1
текстовый;2;1
видеофрагмент;2;1
помогать;2;1
ставить;2;1
посвятить;2;1
индивидуальный;2;1
гораздо;2;1
несмотря;2;1
форум;2;1
туда;2;1
неделя;2;1
клавиатура;2;1
предыдущий;2;1
properties;2;1
согласно;2;1
отслеживать;2;1
список;2;1
сжимать;2;1
механизм;2;1
наследоваться;2;1
иерархия;2;1
ввести;2;1
базовый;2;1
выравнивание;2;1
обработка;2;1
control;2;1
предлагать;2;1
доступ;2;1
фон;2;1
ввод;2;1
наследование;2;1
вероятность;2;1
102;2;1
равно;2;1
пассажир;2;1
захотеть;2;1
возможный;2;1
age;2;1
/;2;1
выжить;2;1
про;2;1
<=;2;1
половина;2;1
icommand;2;1
объесть;2;1
остановить;2;1
инструмент;2;1
выполнение;2;1
мультимедиа;2;1
печать;2;1
вверх;2;1
панель;2;1
центр;2;1
вызывать;2;1
отменить;2;1
возвращать;2;1
охватывать;2;1
сохранить;2;1
объединяться;2;1
выделение;2;1
лента;2;1
копировать;2;1
обновить;2;1
command;2;1
прокрутить;2;1
копирование;2;1
просто;2;1
процессор;2;1
directx;2;1
ос;2;1
аппаратный;2;1
управляемый;2;1
видеокарта;2;1
vbnet;2;1
атрибут;2;1
вводить;2;1
проект;2;1
генерация;2;1
ms;2;1
любой;2;1
добавление;2;1
сервер;2;1
редактировать;2;1
соответственно;2;1
определение;2;1
ограничение;2;1
стиль;2;1
понятный;2;1
график;2;1
производительность;2;1
северный;2;1
условный;2;1
норма;2;1
iii;2;1
обязать;2;1
избираться;2;1
посадник;2;1
судебник;2;1
воин;2;1
выборный;2;1
состав;2;1
верхушка;2;1
занимать;2;1
знатный;2;1
появляться;2;1
выдаваться;2;1
участие;2;1
ярлык;2;1
xivxvi;2;1
городской;2;1
начало;2;1
исключение;2;1
остаток;2;1
памятник;2;1
употреблять;2;1
оленевод;2;1
хозяйственнокультурный;2;1
пашенный;2;1
шнуровой;2;1
тундра;2;1
взаимосвязь;2;1
межпоколенный;2;1
местность;2;1
длительный;2;1
уровень;2;1
земледелец;2;1
исторически;2;1
уклад;2;1
совместный;2;1
ямный;2;1
типичный;2;1
географический;2;1
экзоэтноним;2;1
кочевой;2;1
коллективный;2;1
наряду;2;1
смена;2;1
экономический;2;1
э;2;1
латифундия;2;1
нобилитет;2;1
назначаться;2;1
экстраординарный;2;1
обязанность;2;1
полисный;2;1
ребёнок;2;1
провинция;2;1
принципат;2;1
коренной;2;1
колон;2;1
формально;2;1
консул;2;1
сенатор;2;1
всадник;2;1
диктатор;2;1
италия;2;1
магистрат;2;1
греция;2;1
отпустить;2;1
античный;2;1
республиканский;2;1
начинать;2;1
аристократия;2;1
сельскохозяйственный;2;1
греческий;2;1
агон;2;1
акрополь;2;1
конфуцианство;2;1
восток;2;1
деспотия;2;1
духовный;2;1
со;2;1
орошение;2;1
вождество;2;1
китай;2;1
азия;2;1
eda;1;1
достаточно;1;1
feature;1;1
пытаться;1;1
первое;1;1
engineering;1;1
путь;1;1
случайно;1;1
хорошо;1;1
нетривиальный;1;1
допустить;1;1
выявить;1;1
длинный;1;1
вытащить;1;1
интересно;1;1
фй;1;1
сплит;1;1
осуществление;1;1
усилие;1;1
эксплоративный;1;1
примерный;1;1
корреляция;1;1
так:;1;1
скореллированность;1;1
предобработка;1;1
gain;1;1
information;1;1
извлечь;1;1
следовать;1;1
исходный;1;1
ещё;1;1
равноценный;1;1
скорее;1;1
храниться;1;1
описание;1;1
январь;1;1
подробный;1;1
2018;1;1
подкрепить;1;1
смочь;1;1
онлайн;1;1
прогноз;1;1
май;1;1
2019;1;1
r;1;1
исследовать;1;1
модуль;1;1
дальнейший;1;1
вдобавок;1;1
успешный;1;1
нейроэволюция;1;1
причина;1;1
ml;1;1
обучать;1;1
преимущество;1;1
искать;1;1
формула;1;1
затрата;1;1
требовать;1;1
скорость;1;1
успешность;1;1
подходить;1;1
почему;1;1
чёткий;1;1
проработать;1;1
говориться;1;1
пройти;1;1
получаться;1;1
популяция;1;1
ресурс;1;1
расстояние;1;1
рассчитывать;1;1
топология;1;1
аналитический;1;1
affectsmeasure:;1;1
какоеть;1;1
propertychangedcallback:;1;1
допустимость;1;1
регистрация;1;1
string;1;1
пять;1;1
defaultvalue:;1;1
роительск;1;1
bindstwowaybydefault:;1;1
подхватываетий;1;1
остановиться;1;1
корректироваться;1;1
journal:;1;1
опустить;1;1
"""text""";1;1
зависимостей:;1;1
textproperty;1;1
coercevaluecallback:;1;1
параметров:;1;1
isanimationprohibited:;1;1
affectsparentmeasure:;1;1
довольно;1;1
именование;1;1
inherits:;1;1
происходить;1;1
affectsarrange:;1;1
public;1;1
systemwindowsdependencyproperty;1;1
публичный;1;1
подсвойство;1;1
affectsrender:;1;1
соглашение;1;1
поль;1;1
простой;1;1
двусторонний;1;1
журналироваться;1;1
dependencypropertyregister;1;1
родительский;1;1
affectsparentarrange:;1;1
isnotdatabindable:;1;1
настройка;1;1
subpropertiesdonotaffectrender:;1;1
static;1;1
перерисовываться;1;1
худой;1;1
dockpanel;1;1
stackpanel;1;1
даже;1;1
добиться;1;1
удобно;1;1
обращать;1;1
незаполненный;1;1
всякий;1;1
вебсайт;1;1
столь;1;1
"дизайна""";1;1
поразному:;1;1
ресайза;1;1
масштабировать;1;1
минимальный;1;1
калькулятор;1;1
сначала;1;1
шероховатость;1;1
позиция;1;1
предпочтительный;1;1
располагаться;1;1
сжатие;1;1
позиционировать;1;1
wrappanel;1;1
настроить;1;1
дочерний;1;1
"""резиновый";1;1
визуально;1;1
координата;1;1
растяжение;1;1
исключенить;1;1
uniformgrid;1;1
tabpanel;1;1
всецело;1;1
layout;1;1
наглядный;1;1
вкладывать;1;1
красивый;1;1
прерогатива;1;1
фреймворк;1;1
пустота;1;1
возможно;1;1
осуществлять;1;1
распределить;1;1
придерживаться;1;1
жёстко;1;1
масштабирование;1;1
хватать;1;1
размещение;1;1
принципов:;1;1
полагаться;1;1
расстановка;1;1
контейнеры:;1;1
эффективно;1;1
перечисленный;1;1
закодировать;1;1
wcf;1;1
wf;1;1
ограничивается:;1;1
компилироваться;1;1
никак;1;1
вобщий;1;1
повториться;1;1
дизайнер;1;1
сводить;1;1
автономно;1;1
компактность;1;1
вебпрограммирование;1;1
extensible;1;1
exe;1;1
отделить;1;1
нести;1;1
обходиться;1;1
наподобие;1;1
компиляция;1;1
сборка;1;1
шире;1;1
говорить;1;1
silverlight;1;1
studio;1;1
бинарный;1;1
binary;1;1
xamlфайл;1;1
неправильно;1;1
html;1;1
всетаки;1;1
чаща;1;1
преимущества:;1;1
встраиваться;1;1
именно;1;1
специалисты:;1;1
dllфайл;1;1
понятность;1;1
инициализация;1;1
программист;1;1
человечий;1;1
запрещение;1;1
взрослый;1;1
рыболовство;1;1
историография;1;1
фетишизм;1;1
неодушевлённый;1;1
антропогенез;1;1
prehistory;1;1
экзогамия;1;1
неравенство;1;1
марксистский;1;1
житель;1;1
дух;1;1
примитивный;1;1
функций:;1;1
образование;1;1
первобытнообщинный;1;1
испытание;1;1
палеолит;1;1
тотемизм;1;1
формация;1;1
имущество;1;1
праистория;1;1
трудиться;1;1
надсемейство;1;1
ритуал;1;1
производственный;1;1
существо;1;1
жертва;1;1
праобщина;1;1
душить;1;1
присваивать;1;1
кровно;1;1
общественноэкономический;1;1
биологический;1;1
общинный;1;1
предок;1;1
политеизм;1;1
символический;1;1
родственный;1;1
социогенез;1;1
воззрение;1;1
сообща;1;1
носитель;1;1
анимизм;1;1
божество;1;1
изменчивость;1;1
собирательство;1;1
гоминид;1;1
неолит;1;1
принесение;1;1
обряд;1;1
мужчина;1;1
заключённый;1;1
особа;1;1
«даров»;1;1
преистория;1;1
антропология;1;1
тело;1;1
семейнобытов;1;1
эндогамия;1;1
культовый;1;1
возрастной;1;1
животное;1;1
продолжительный;1;1
первичный;1;1
частный;1;1
кровный;1;1
стихия;1;1
инициация;1;1
выразить;1;1
каменный;1;1
древние;1;1
сближаться;1;1
собирательный;1;1
подать;1;1
фёдор;1;1
обработать;1;1
смерд;1;1
убийство;1;1
скандинав;1;1
горчаков;1;1
принятие;1;1
магия;1;1
среда;1;1
вытесняться;1;1
«уроки»;1;1
обрядность;1;1
категория;1;1
адменьшиков;1;1
мвломонос;1;1
ашлецер;1;1
понимание;1;1
неопределённый;1;1
жаловаться;1;1
долгоруков;1;1
ольга;1;1
вассальносеньориальный;1;1
щербатов;1;1
параллельный;1;1
договор;1;1
норманнский;1;1
дворцовый;1;1
различие;1;1
побор;1;1
почётный;1;1
землевладелец;1;1
дискуссионный;1;1
окончательно;1;1
гапотемкин;1;1
фиксировать;1;1
плуг;1;1
байер;1;1
xiiixv;1;1
гз;1;1
xxi;1;1
близкий;1;1
полюдье;1;1
переходить;1;1
авсуворов;1;1
"""русь""";1;1
крепостной;1;1
слиться;1;1
хvш;1;1
историк;1;1
дворянский;1;1
варяжский;1;1
верование;1;1
ни;1;1
рало;1;1
крестьянеобщинник;1;1
репнина;1;1
оболенский;1;1
одоевский;1;1
1714;1;1
наибольший;1;1
покорить;1;1
генезис;1;1
славянин;1;1
дым;1;1
iххvi;1;1
править;1;1
проявление;1;1
призывать;1;1
противостоять;1;1
исчисляться;1;1
хождение;1;1
умереть;1;1
тяглый;1;1
попадать;1;1
вассал;1;1
продажа;1;1
новгородский;1;1
xi;1;1
холопами:;1;1
«феодальный;1;1
железо;1;1
современный;1;1
xvxvi;1;1
барятинский;1;1
xxiv;1;1
xiixv;1;1
862;1;1
холопка;1;1
сформулировать;1;1
совещательный;1;1
европа;1;1
надобность;1;1
гф;1;1
запрещать;1;1
соль;1;1
роскошь;1;1
классический;1;1
дохристианский;1;1
xixxx;1;1
антинорманист;1;1
решать;1;1
отрасль;1;1
противоположный;1;1
погост;1;1
долг;1;1
положение;1;1
сей;1;1
пригласить;1;1
товарный;1;1
княгиня;1;1
проводиться;1;1
вытеснить;1;1
собираться;1;1
очаг;1;1
объезд;1;1
собственник;1;1
четверть;1;1
волконский;1;1
заслуга;1;1
заключать;1;1
пленение;1;1
мифология;1;1
велик;1;1
исполнять;1;1
изгонять;1;1
какой;1;1
подчёркивать;1;1
становиться;1;1
синоним;1;1
миллер;1;1
отъезд;1;1
1598;1;1
лестница»;1;1
ixxvii;1;1
2015;1;1
ознаменовать;1;1
девятилетие;1;1
vista;1;1
2006;1;1
фреймворок;1;1
операционный;1;1
параллельно;1;1
июль;1;1
последовательно;1;1
идеал;1;1
суждение;1;1
партия;1;1
аф;1;1
упорядочить;1;1
гармоничный;1;1
объяснять;1;1
историкогенетический;1;1
правовой;1;1
применять;1;1
сознание;1;1
тезис;1;1
вследствие;1;1
институционализация;1;1
лосев;1;1
описывать;1;1
естественный;1;1
аналогия;1;1
исповедовать;1;1
социум;1;1
синкретизм;1;1
всесторонний;1;1
грань;1;1
творческий;1;1
эстетический;1;1
отражать;1;1
предтеория;1;1
идея;1;1
доказательство;1;1
динамика;1;1
социальнокультурный;1;1
реконструкция;1;1
интеграция;1;1
родить;1;1
"бытия""";1;1
предположение;1;1
специализация;1;1
методология;1;1
воображение;1;1
рассмотрение;1;1
объективный;1;1
обоснованный;1;1
систематизация;1;1
познание;1;1
целевой;1;1
исследование;1;1
конкретноисторический;1;1
факт;1;1
субъективный;1;1
статистический;1;1
"""неопровержимый";1;1
строго;1;1
опыт;1;1
конкретность;1;1
многообразие;1;1
причудливый;1;1
ассоциация;1;1
восприятие;1;1
подменяться;1;1
школа;1;1
закономерный;1;1
подвластный;1;1
дифференциация;1;1
образовать;1;1
указатель;1;1
headeredcontentcontrol;1;1
isexpanded;1;1
раскрываться;1;1
разным:;1;1
expanderэлемент;1;1
заголовок;1;1
картинка;1;1
старт;1;1
мышка;1;1
contentcontrol;1;1
заголовок:;1;1
раскрытие;1;1
использования:;1;1
подкласс;1;1
тем;1;1
стрелка;1;1
отображать;1;1
определимый;1;1
wysiwig;1;1
mainwindowxamlcs;1;1
файла:;1;1
студия;1;1
представления:;1;1
сжатый;1;1
долгий;1;1
пожалуйста;1;1
кажется;1;1
наводящий;1;1
корректно;1;1
друг;1;1
узнать;1;1
вводный;1;1
стараться;1;1
конспект;1;1
формат;1;1
видеолекция;1;1
запретить;1;1
жать;1;1
присоединяться;1;1
теряться;1;1
клавиш;1;1
поиск;1;1
браузер;1;1
пересматривать;1;1
медленный;1;1
«введение;1;1
шагом;1;1
лекция;1;1
перезагрузить;1;1
фрагмент;1;1
разобраться;1;1
рекомендация;1;1
ждать;1;1
выкладывать;1;1
изложение;1;1
онлайнкурс;1;1
пауза;1;1
рад;1;1
ведь;1;1
видеоплеер;1;1
ускорять;1;1
преподаватель;1;1
stepik;1;1
услышать;1;1
попробовать;1;1
помнить;1;1
минута;1;1
слишком;1;1
волноваться;1;1
иконокквадрат;1;1
запоминаться;1;1
перемещаться;1;1
редкий;1;1
знаете;1;1
заметка;1;1
деталь;1;1
никуда;1;1
короткий;1;1
чередоваться;1;1
наоборот:;1;1
подразумевать;1;1
рекомендовать;1;1
«влево»;1;1
новость;1;1
итог;1;1
twitter;1;1
прикрепить;1;1
соцсеть;1;1
рассказать;1;1
ответ;1;1
курсах:;1;1
сторона;1;1
обучение»;1;1
facebook;1;1
вконтакте;1;1
весёлый;1;1
верхний;1;1
стэпами;1;1
растягивать;1;1
цветок;1;1
affinity;1;1
frameworkelement;1;1
объектудиспетчер;1;1
richtextbox;1;1
лежать;1;1
дата;1;1
стилть;1;1
чей;1;1
textbox;1;1
fontstyle;1;1
expanded;1;1
наклон;1;1
progressbar;1;1
диспетчер;1;1
dispatcherobject;1;1
uielement;1;1
dependency;1;1
войти;1;1
упрощать;1;1
условно;1;1
viewbox;1;1
вокруг;1;1
метка;1;1
sta;1;1
подобный;1;1
fontweight;1;1
параллелизм;1;1
scrollviewergroupbox;1;1
arial;1;1
border;1;1
рассмотреть;1;1
толщина;1;1
label;1;1
italicoblique;1;1
мышь;1;1
verdana;1;1
datepicker;1;1
button;1;1
отступ;1;1
подгрупп:;1;1
slider;1;1
инструкция;1;1
както;1;1
singlethread;1;1
функционал;1;1
декоратор;1;1
кастомизировать;1;1
combobox;1;1
fontfamily;1;1
normal;1;1
расстягивать;1;1
предназначение;1;1
сообщение;1;1
blackbold;1;1
подгруппа;1;1
разделить;1;1
image;1;1
fontstretch;1;1
listbox;1;1
condensed;1;1
calendar;1;1
<=005;1;1
соотношение;1;1
97%;1;1
запомнить;1;1
вычленить;1;1
фич;1;1
титаник;1;1
>;1;1
переобучить;1;1
вернуться;1;1
поговорить;1;1
глубина;1;1
+;1;1
прямоугольничка;1;1
приводить;1;1
возраст;1;1
выживших/погибнуть;1;1
сразу;1;1
pclass;1;1
модула;1;1
поступить;1;1
цвета;1;1
разделение;1;1
тут;1;1
кстати;1;1
прямоугольничок;1;1
sex_male;1;1
исход;1;1
несложно;1;1
alligncenter;1;1
вырезать;1;1
абстрагировать;1;1
systemwindowsinputroutedcommand;1;1
replace;1;1
componentcommands:;1;1
включить;1;1
scrollpagedown;1;1
deleteудалить;1;1
классомnavigationcommands:;1;1
нередко;1;1
movedownbyline;1;1
commandbinding;1;1
гденибыть;1;1
commandparameter;1;1
cut;1;1
restorewindow;1;1
commandtarget;1;1
routeduicommand;1;1
moveup;1;1
назад;1;1
moveleft;1;1
классов:;1;1
свернуть;1;1
rewind;1;1
correctionlist;1;1
gotopage;1;1
prit;1;1
заменить;1;1
уменьшить;1;1
паттерн;1;1
отключить;1;1
открыть;1;1
аспектов:;1;1
open;1;1
mainwindow:;1;1
ctrl+c;1;1
конекстный;1;1
contextmenu;1;1
cancelprint;1;1
меню;1;1
playвоспроизвести;1;1
save;1;1
nextpage;1;1
browseforward;1;1
record;1;1
new;1;1
maximizeribboncommand;1;1
mediacommands:;1;1
исправление;1;1
maximizewindowразвернуть;1;1
домой;1;1
много;1;1
executed;1;1
stop;1;1
help;1;1
execute;1;1
уставливать;1;1
закрыть;1;1
хранение;1;1
browsestop;1;1
previouspage;1;1
влево;1;1
повторить;1;1
вставить;1;1
editingcommands:;1;1
прикреплять;1;1
перемещение;1;1
избранный;1;1
addtoquickaccesstoolbar;1;1
redo;1;1
ситуация;1;1
systemcommands:;1;1
вправо;1;1
производный;1;1
запускать;1;1
canexecutechanged;1;1
просмотр;1;1
семь;1;1
главный;1;1
предназначить;1;1
развернуть;1;1
minimizewindow;1;1
громкость;1;1
firstpage;1;1
нажимать;1;1
буффера;1;1
уменьшение;1;1
команды:;1;1
movedown;1;1
браузерный;1;1
быстрый;1;1
find;1;1
browseback;1;1
восстановить;1;1
copy;1;1
false;1;1
вперёд;1;1
icommandsource:;1;1
saveas;1;1
справка;1;1
refresh;1;1
какойнибудь;1;1
undo;1;1
moverightпереместить;1;1
selecttoend;1;1
paste;1;1
наследник;1;1
printpreviewпредварительный;1;1
вызов;1;1
closewindow;1;1
игнорироваться;1;1
сократить;1;1
связывать;1;1
редактирование;1;1
applicationcommands;1;1
общераспространённый;1;1
унаследовать;1;1
canexecute;1;1
ribboncommands:;1;1
lastpage;1;1
browsehome;1;1
перемотка;1;1
closeзакрыть;1;1
потребоваться;1;1
системный;1;1
selectall;1;1
decreasefontsize;1;1
decreasevolume;1;1
null;1;1
реализация;1;1
favorites;1;1
presentation;1;1
воспользоваться;1;1
насыщенный;1;1
ложиться;1;1
простейшее;1;1
foundation;1;1
gdi+;1;1
совмещать;1;1
кнопочка;1;1
значительный;1;1
3dмодель;1;1
построение;1;1
wpf:;1;1
user32;1;1
ключевой;1;1
xml:;1;1
выполнить;1;1
<configuration>;1;1
теперь;1;1
играть;1;1
sqldataadapter;1;1
содержимое:;1;1
адаптер;1;1
updatedb;1;1
подключиться;1;1
"""\sqlexpress""";1;1
синхронизироваться;1;1
appconfig;1;1
загрузить;1;1
заново;1;1
загрузка;1;1
выражение;1;1
connectionstring;1;1
<connectionstrings>;1;1
security=true:;1;1
datatable;1;1
initial;1;1
бд;1;1
sqlвыражение;1;1
добавляться;1;1
здесь:;1;1
почитать;1;1
нажать;1;1
удаляться;1;1
"""defaultconnection""";1;1
вручную;1;1
удаление;1;1
systemdatasqlclient;1;1
express;1;1
<add>;1;1
провайдер;1;1
заключить;1;1
catalog=mobiledb:;1;1
здесь;1;1
sqlcommandbuilder;1;1
dataset;1;1
избавлять;1;1
подробно;1;1
удалить;1;1
name;1;1
аутентификация;1;1
произвольный;1;1
source=\sqlexpress:;1;1
mobiledb;1;1
частей:;1;1
удалять;1;1
integrated;1;1
подключаться;1;1
предварительно;1;1
прийтись;1;1
таблица;1;1
загружать;1;1
direct3d;1;1
транслироваться;1;1
monogame;1;1
игра;1;1
приложений:;1;1
взаимодействие;1;1
сравнение;1;1
лихва;1;1
экрана:;1;1
плавный;1;1
учитывать;1;1
компонента;1;1
альтернатива;1;1
поскольку;1;1
независимый;1;1
xp;1;1
разработчик;1;1
многий;1;1
изображение;1;1
xml;1;1
вне;1;1
компенсироваться;1;1
среднее;1;1
unity;1;1
сложно;1;1
тоже;1;1
3d;1;1
независимость;1;1
количество;1;1
netплатформа;1;1
визуализироваться;1;1
программный;1;1
масштабироваться;1;1
память;1;1
комбинировать;1;1
потребление;1;1
достигнуть;1;1
двухмерный;1;1
измеряться;1;1
стоить;1;1
фреймворка;1;1
провышенный;1;1
2d;1;1
повышать;1;1
forms;1;1
c#/vbnet;1;1
раздробленность;1;1
xvxvii;1;1
xvi;1;1
внешний;1;1
сибирский;1;1
появиться;1;1
княжестваземлить;1;1
самостоятельный;1;1
полусамостоятельный;1;1
подавление;1;1
военачальник;1;1
сколько;1;1
распасться;1;1
несение;1;1
учёт;1;1
упоминаться;1;1
порусски;1;1
протяжение;1;1
батый;1;1
правящий;1;1
передать;1;1
барщина;1;1
василий;1;1
сопротивление;1;1
обладатель;1;1
контролировать;1;1
чиновник;1;1
тумена;1;1
чин;1;1
отряд;1;1
«татары»;1;1
выплата;1;1
свод;1;1
ноябрь;1;1
ханский;1;1
отрабатывать;1;1
крымский;1;1
помещик;1;1
грамота;1;1
крым;1;1
владимиросуздальский;1;1
наблюдаться;1;1
основной;1;1
освобождаться;1;1
выплачиваться;1;1
казахстан;1;1
полновластный;1;1
восточный;1;1
столицы:;1;1
сарайбат;1;1
1497;1;1
посредством;1;1
тысяча;1;1
поволжье;1;1
служилый;1;1
младший;1;1
митрополит;1;1
сарайберка;1;1
платёж;1;1
сибирь;1;1
болгария;1;1
передача;1;1
осенний;1;1
впервые;1;1
столько;1;1
корпорация;1;1
западный;1;1
ежегодный;1;1
статья;1;1
ценность;1;1
темник;1;1
вынудить;1;1
духовенство;1;1
“тьмы”;1;1
кавказ;1;1
брать;1;1
“пожилого”;1;1
российский;1;1
поход;1;1
«орда»;1;1
единовременный;1;1
обозначать;1;1
волжский;1;1
княжение;1;1
крестьянский;1;1
пользование;1;1
40х;1;1
предпринимать;1;1
хорезм;1;1
астраханский;1;1
xixii;1;1
сближение;1;1
переход:;1;1
57я;1;1
26;1;1
подтверждать;1;1
вассальный;1;1
ханство;1;1
государь;1;1
вотчинный;1;1
раз;1;1
юрьев;1;1
казанский;1;1
языкаоснова;1;1
подразделяться;1;1
участок;1;1
этногенез;1;1
взаимопомощь;1;1
черта;1;1
соплеменник;1;1
вод;1;1
луга;1;1
суверен;1;1
развитый;1;1
леса;1;1
deutsch;1;1
скот;1;1
экстенсивный;1;1
фратрия;1;1
деление;1;1
доклассовый;1;1
кочевничество;1;1
выражаться;1;1
строй;1;1
этноним;1;1
обычай;1;1
социокультурный;1;1
приусадебный;1;1
характеристика;1;1
немец;1;1
эндоэтноним;1;1
военнный;1;1
инвентарь;1;1
каган;1;1
хозяйственный;1;1
номадизм;1;1
отличительный;1;1
пол;1;1
щит;1;1
затруднение;1;1
193;1;1
300;1;1
нерушимый;1;1
впоследствии;1;1
означать;1;1
могли:;1;1
поколение;1;1
должностной;1;1
архитектурный;1;1
командующий;1;1
цензовый;1;1
диадох;1;1
пролетарий;1;1
плебейский;1;1
выкупить;1;1
воинский;1;1
семейный;1;1
пользоваться;1;1
неподатной;1;1
напряжение;1;1
тяжеловооружённый;1;1
спорт;1;1
копьё;1;1
запад;1;1
хозяйственноюридический;1;1
небольшой;1;1
италийский;1;1
битва;1;1
стихийный;1;1
непременно;1;1
коллегиальный;1;1
единоличный;1;1
значит;1;1
солдат;1;1
утверждаться;1;1
мастерский;1;1
колонат;1;1
патрицианский;1;1
монархия;1;1
презрительный;1;1
демократия;1;1
шлем;1;1
плата;1;1
выбрать;1;1
пение;1;1
рабский;1;1
говорящий;1;1
наделить;1;1
македонский;1;1
смерть;1;1
сподвижник;1;1
жалование;1;1
меняться;1;1
лишь;1;1
боевой;1;1
га;1;1
муниципия;1;1
никакой;1;1
единодержавный;1;1
триумф;1;1
гоплит;1;1
архаика;1;1
меч;1;1
грек;1;1
27;1;1
победоносный;1;1
250;1;1
отдаться;1;1
туземец;1;1
укрепить;1;1
отец;1;1
среди;1;1
панцирь;1;1
установленный;1;1
мятеж;1;1
воля;1;1
покровительство;1;1
«император;1;1
familias;1;1
старейшина;1;1
прародитель;1;1
армия;1;1
месяц;1;1
перикл;1;1
сконцентрировать;1;1
метрополия;1;1
несущий;1;1
либертина;1;1
слияние;1;1
олигархия;1;1
наименование;1;1
заканчивать;1;1
вёть;1;1
городгосударство;1;1
эпигон;1;1
образоваться;1;1
эллинистический;1;1
287;1;1
назначение;1;1
vii;1;1
сражаться;1;1
поселенец;1;1
торговец;1;1
государствё;1;1
полководец;1;1
неимущий;1;1
ординарный;1;1
смысл;1;1
юридически;1;1
состязательность;1;1
управленческий;1;1
включаться;1;1
спарта;1;1
жреческий;1;1
автохтон;1;1
варвар;1;1
басилевс;1;1
мифический;1;1
легионер;1;1
бедствие;1;1
этап;1;1
обитатель;1;1
периэк;1;1
александр;1;1
покровитель;1;1
патронат;1;1
срок;1;1
взаимный;1;1
квирит;1;1
выводить;1;1
византия;1;1
престиж;1;1
поэзия;1;1
философия;1;1
треть;1;1
арендатор;1;1
внук;1;1
поселение;1;1
афины;1;1
сословный;1;1
ростовщик;1;1
учреждение;1;1
включиться;1;1
влияние;1;1
imperium;1;1
насильственный;1;1
фаланга;1;1
внеиталийский;1;1
princeps;1;1
лицо;1;1
почетноторжественный;1;1
iv;1;1
рабовладельческий;1;1
площадь;1;1
верность;1;1
архаический;1;1
цивитас;1;1
переносный;1;1
справиться;1;1
противостоящий;1;1
слагать;1;1
viii;1;1
целое;1;1
6;1;1
возглавляться;1;1
роскошный;1;1
старание;1;1
земледельческий;1;1
монарх;1;1
стратег;1;1
тирания;1;1
требование;1;1
колония;1;1
метек;1;1
законный;1;1
pater;1;1
senatus;1;1
цитадель;1;1
соревновательность;1;1
этикополитический;1;1
социальнополитический;1;1
деревня;1;1
зло;1;1
даровать;1;1
порядком;1;1
средний;1;1
ясперс;1;1
властитель;1;1
поливной;1;1
обмениваться;1;1
философ;1;1
культ;1;1
набирать;1;1
сакрализация;1;1
знак;1;1
предшествовать;1;1
овощеводство;1;1
дарий;1;1
локальный;1;1
населять;1;1
достижение;1;1
начать;1;1
этикет;1;1
палочекклинышек;1;1
немецкий;1;1
витальный;1;1
клинопись;1;1
уголовный;1;1
религия;1;1
междуречье;1;1
1912;1;1
храм;1;1
самоусовершенствование;1;1
иногда;1;1
рисосеяние;1;1
объявлять;1;1
хлопководство;1;1
конфуций;1;1
автономный;1;1
малый;1;1
заложить;1;1
водный;1;1
рациональный;1;1
всеобщий;1;1
поныне;1;1
причинить;1;1
осевой;1;1
чифдом;1;1
талион;1;1
свобода;1;1
вред;1;1
письменность;1;1
мелиорация;1;1
слоговопонятийный;1;1
деспот;1;1
наказание;1;1
слаборазвитый;1;1
шудра;1;1
постоянный;1;1
плато;1;1
освобождение;1;1
расслоение;1;1
вайшья;1;1
кастовый;1;1
зороастризм;1;1
сатрап;1;1
взимать;1;1
ответственность;1;1
целостный;1;1
китайскоконфуцианский;1;1
следить;1;1
революция;1;1
оросительный;1;1
ирригационный;1;1
chiefdom;1;1
жёсткий;1;1
небо;1;1
самодержавный;1;1
священный;1;1
произвол;1;1
дуалистический;1;1
кшатрий;1;1
письмо;1;1
индубуддийский;1;1
непременный;1;1
цикл;1;1
civilis;1;1
справедливость;1;1
бесправие;1;1
брахман;1;1
акт;1;1
варна;1;1
соблюдение;1;1
потребляться;1;1
vi;1;1
товарообмен;1;1
точно;1;1
пантеон;1;1
сформировать;1;1
синьхайский;1;1
сатрапия;1;1
персидский;1;1
развивающийся;1;1
вершить;1;1
пиктографический;1;1
карл;1;1
добро;1;1
складывание;1;1
лата;1;1
иранский;1;1
индия;1;1
ближний;1;1
спокойствие;1;1
